start_lat,start_lng,end_lat,end_lng,distance_km,traffic_density,weather_condition,day_of_week,hour_of_day,ETA
17.31236204,78.35553988,17.27851171,78.5018109,17.58788047,3,rainy,3,17,26.11301969
17.48521429,78.46257028,17.27409364,78.53900442,24.35753755,8,clear,5,14,58.71524816
17.41959818,78.56188375,17.47187637,78.37514037,23.04466696,7,rainy,6,8,59.31640868
17.37959755,78.51966747,17.27486386,78.48746223,5.463097236,3,clear,2,17,35.63025265
17.24680559,78.54196834,17.28158492,78.47152379,5.328234623,6,clear,1,2,56.71348957
17.24679836,78.49763501,17.42781948,78.54984911,8.777056665,4,clear,0,9,36.1365339
17.21742508,78.50768297,17.33492195,78.57182612,11.47116706,5,rainy,3,16,24.57940641
17.45985284,78.5547587,17.43301317,78.30364703,12.84521186,5,rainy,4,6,23.3449644
17.3803345,78.3749004,17.21960985,78.50220598,20.71121929,7,clear,3,14,56.47528527
17.41242177,78.44682749,17.34627136,78.31555074,2.643732533,5,foggy,5,0,18.62231945
17.20617535,78.36636283,17.21008408,78.4646576,2.005508423,3,rainy,2,10,38.98162291
17.49097296,78.5963004,17.21879596,78.38628982,12.36540633,10,rainy,3,16,37.7762534
17.44973279,78.5832178,17.47193124,78.39203298,21.21774707,5,clear,4,4,46.98108423
17.26370173,78.31182804,17.24177361,78.40588755,6.609624946,7,foggy,6,6,34.96214538
17.25454749,78.51167255,17.3597262,78.48638773,19.60362996,5,clear,0,18,23.61428304
17.25502135,78.5775745,17.32332868,78.40021499,8.535016,5,rainy,1,23,18.46982498
17.29127267,78.3541726,17.304203,78.51980972,26.69649716,9,rainy,2,14,41.04094018
17.35742693,78.47038357,17.46995,78.42135822,26.97500838,3,clear,4,2,45.94953784
17.32958351,78.57464649,17.20654702,78.32050596,9.621328924,6,clear,5,14,38.47606393
17.28736874,78.31018379,17.39913691,78.53512795,7.669818865,1,foggy,5,4,46.91756386
17.38355587,78.50922608,17.48901833,78.3857275,12.92781519,10,foggy,5,22,17.07606012
17.24184816,78.3892047,17.36805046,78.42983006,7.97541597,5,rainy,2,11,54.12350975
17.28764339,78.57731886,17.48104674,78.50563316,20.49913146,8,foggy,3,19,39.11977542
17.30990855,78.59131747,17.21567736,78.39973685,24.95587585,5,foggy,2,4,16.34219634
17.336821,78.58327995,17.325638,78.3169757,20.5196718,9,rainy,5,2,33.09626021
17.43555279,78.44226426,17.27804734,78.41217631,24.90616297,6,rainy,6,8,52.23958689
17.25990213,78.5586128,17.41924629,78.58333457,12.5127727,8,rainy,4,8,54.87810967
17.35427033,78.55336482,17.49438913,78.49252032,5.533192151,10,rainy,1,6,23.23247525
17.37772437,78.39573014,17.27695902,78.50144374,22.40057747,8,clear,1,1,45.56329124
17.21393512,78.54867464,17.39625238,78.48968465,11.45376065,3,rainy,2,22,14.99926237
17.38226346,78.31110229,17.25942929,78.35969764,20.46685393,7,rainy,5,22,11.67729357
17.25115724,78.47888096,17.36959908,78.42550016,8.848674317,7,rainy,0,20,38.01994769
17.21951548,78.36900265,17.33917975,78.52528194,3.355659409,10,foggy,6,15,44.74137897
17.48466566,78.33617007,17.4916016,78.33041187,29.78487207,6,rainy,2,8,49.78933656
17.48968961,78.32308596,17.38255818,78.38335583,5.52984373,7,clear,5,12,27.01081192
17.4425192,78.50888663,17.30485191,78.38289573,29.66420882,2,clear,3,18,10.32627052
17.29138413,78.40196249,17.23422874,78.42960568,29.34111804,9,rainy,1,19,33.97596186
17.22930163,78.51743003,17.24537405,78.59411062,24.02072501,10,clear,1,16,10.79267727
17.40526991,78.3196069,17.26759508,78.32025076,20.1232659,10,foggy,6,5,14.59922553
17.33204575,78.3945871,17.27529,78.4556103,17.75640446,1,rainy,1,3,26.33445113
17.23661147,78.46184739,17.45518482,78.3538094,26.11694482,1,clear,0,0,31.85860248
17.34855307,78.53721695,17.36836684,78.59120296,9.393746127,3,clear,5,17,23.97347206
17.21031656,78.39562575,17.35701727,78.33399105,14.56275516,3,rainy,5,18,39.09326333
17.47279612,78.48776741,17.23443066,78.4210803,18.96230911,1,clear,6,8,12.76748946
17.27763399,78.56579332,17.45804191,78.5213655,12.9245238,7,rainy,5,12,17.22898551
17.39875669,78.48475896,17.41684429,78.51136633,13.39710717,4,clear,6,7,44.76292004
17.29351332,78.36988784,17.22030051,78.42681859,10.57825536,10,foggy,5,22,17.10704268
17.35602041,78.30732023,17.41235053,78.40395725,17.36272268,2,clear,0,12,41.98876008
17.36401308,78.56102966,17.36306147,78.41928371,25.66666131,10,clear,4,14,12.73423104
17.25545634,78.30638082,17.2245176,78.37928288,6.844322962,5,rainy,2,10,30.36911396
17.49087539,78.5624105,17.33749019,78.36159988,28.09855812,6,clear,2,11,18.87047351
17.43253985,78.45868114,17.34540889,78.44491191,20.98354196,9,rainy,5,13,15.48181413
17.48184968,78.58172031,17.24973236,78.38056013,24.87492317,4,foggy,3,3,38.35163918
17.46844821,78.53963497,17.48370944,78.3862385,17.12953009,2,rainy,1,0,56.4167886
17.37936999,78.59938023,17.45499261,78.49702682,23.60598434,5,rainy,0,23,12.7393524
17.47656227,78.40521354,17.4007067,78.5905612,1.469811523,3,clear,3,3,31.07771241
17.22654775,78.53015649,17.33868867,78.48109116,24.73303232,2,foggy,3,18,45.37677189
17.25879486,78.42057927,17.32352966,78.32309384,2.164026913,1,rainy,5,8,33.13439158
17.21356819,78.44396269,17.39529204,78.32267508,26.80748791,10,clear,0,9,50.32479731
17.2975991,78.48825164,17.36362956,78.58542697,29.76691967,2,clear,2,3,18.98226579
17.31660319,78.56210313,17.21868193,78.38918724,9.527956403,6,rainy,1,19,57.97971025
17.28140471,78.59522504,17.35375079,78.3276201,7.099238132,8,clear,2,8,29.25813139
17.44862125,78.53048202,17.44192109,78.47971338,23.19553755,3,rainy,3,12,27.07848165
17.307026,78.42533003,17.33777196,78.48709463,8.337763887,9,rainy,1,11,53.73028973
17.28428035,78.4264071,17.21558697,78.49455145,26.10130911,9,rainy,4,10,38.19335159
17.36280882,78.52127469,17.43588346,78.38022061,3.982435173,2,foggy,3,11,35.8222171
17.24227727,78.37163314,17.26040913,78.30453321,4.652700695,8,rainy,2,17,46.34889598
17.44065909,78.33314223,17.27758625,78.58950461,29.3953951,10,clear,2,11,38.99171191
17.22236519,78.40638665,17.24941191,78.37526791,20.54132805,5,foggy,5,15,18.12578224
17.49606608,78.3861717,17.29906452,78.50280789,25.55972951,4,clear,2,4,43.70988114
17.43167343,78.38889244,17.42702545,78.51198896,10.40555194,10,foggy,0,19,16.67344396
17.2596147,78.37008233,17.35581576,78.48300223,20.61802874,5,foggy,3,11,50.29288527
17.20165664,78.31262796,17.26146438,78.39387222,18.23301299,4,foggy,6,20,59.48682989
17.44463843,78.30536218,17.46334902,78.38132888,18.49135348,8,foggy,6,10,28.86938125
17.4120572,78.59631672,17.46387456,78.47930048,20.79344133,4,clear,1,8,32.23779491
17.41870215,78.42833194,17.46117353,78.55982869,17.68541602,10,rainy,2,17,12.32168277
17.4313811,78.41529799,17.27163886,78.58402012,13.44280871,6,clear,5,2,10.6866594
17.2222134,78.50389418,17.3353718,78.33177174,9.001758137,2,rainy,5,19,56.07096674
17.30753972,78.36547617,17.4954969,78.34644858,23.2888586,5,clear,2,16,16.43120302
17.23476072,78.58498836,17.43160374,78.58342088,7.56190047,6,foggy,0,13,32.28893738
17.45893103,78.5359035,17.20815023,78.52096057,21.07827488,5,foggy,5,0,50.76773119
17.38698944,78.3268233,17.21956138,78.56489815,7.766651857,2,rainy,6,16,54.465938
17.29926941,78.42527423,17.33917941,78.36078979,19.13457493,7,rainy,1,7,35.96988426
17.21906751,78.56373549,17.47276606,78.47627576,22.66526975,4,clear,3,4,38.25162625
17.2932947,78.58341961,17.36161054,78.51034188,7.342702778,8,rainy,4,4,43.48419862
17.297555,78.44022045,17.34934375,78.50403357,2.738355725,7,clear,0,8,58.06912351
17.41888185,78.48402342,17.23164211,78.42244551,4.798238547,7,rainy,5,2,40.13349805
17.39126724,78.35011018,17.39703403,78.30461847,18.57391205,9,rainy,3,18,37.97376297
17.46616382,78.59735059,17.44663095,78.47487782,25.63394578,1,rainy,4,22,10.72670676
17.34166448,78.36950151,17.314126,78.37593046,2.304907816,10,foggy,2,8,14.0474851
17.23587827,78.58281953,17.43268356,78.43507627,22.29038651,6,foggy,2,21,38.85858133
17.41397344,78.49489399,17.489343,78.5872743,10.89824073,6,clear,1,17,56.81201939
17.42823551,78.48232104,17.26112994,78.4197106,14.87732273,6,rainy,4,15,53.33456742
17.36838316,78.45380655,17.35699889,78.55194048,27.93692695,6,clear,2,0,59.12894615
17.43129015,78.36920094,17.28614139,78.35656218,10.62717364,10,rainy,2,1,36.39170188
17.34813868,78.35295841,17.43785633,78.50173815,14.49477108,7,foggy,6,13,49.39654692
17.35681985,78.36614586,17.37327801,78.59310209,1.396790028,10,foggy,5,13,52.02001657
17.32826231,78.35593148,17.39037473,78.33056793,3.36636288,6,rainy,1,0,42.40158287
17.20762574,78.53387534,17.43937425,78.30249598,8.499156143,1,rainy,3,15,26.93749521
17.23236743,78.40503758,17.31879114,78.43007484,1.807714984,3,foggy,2,14,33.49892173
17.20942876,78.3173528,17.47452702,78.32778764,19.30988446,2,foggy,6,14,52.89585361
17.39092312,78.59073079,17.35990866,78.5245153,13.36555235,6,clear,0,11,24.9273963
17.29430679,78.56513577,17.24738645,78.5743646,16.89621088,8,foggy,0,15,56.18715656
17.35257121,78.57832568,17.40876974,78.43020629,6.064768391,3,rainy,3,13,21.49031707
17.47226994,78.59847235,17.43797841,78.37761349,9.582028854,10,clear,4,23,47.47582076
17.27478767,78.35216857,17.2950285,78.430321,20.25090977,8,rainy,1,14,41.52796172
17.32311488,78.41887261,17.45715378,78.51703435,28.99377899,8,clear,6,22,47.47997206
17.42666534,78.52747154,17.47184298,78.30271625,2.462086434,5,rainy,5,14,31.86737862
17.26863945,78.50880619,17.28307135,78.4768362,26.8211453,8,foggy,6,18,56.63205313
17.22309397,78.34616877,17.49505644,78.48398751,17.72955484,6,rainy,0,7,41.62361012
17.28692544,78.54474994,17.24221346,78.49130647,17.35366744,5,clear,0,1,24.41479023
17.24836639,78.36733217,17.2606047,78.37260662,15.50807752,9,rainy,3,1,41.92275353
17.4789093,78.36714528,17.25526745,78.51421582,3.012428491,7,clear,4,9,24.34078736
17.44243611,78.46109233,17.46819691,78.32741745,3.6064287,8,rainy,4,2,24.68161959
17.39002113,78.47788198,17.39628777,78.3597811,18.42644816,1,foggy,3,22,29.97992558
17.46143818,78.47402586,17.24563128,78.56324101,10.88779857,2,foggy,6,16,52.62152088
17.44110162,78.32744605,17.33209703,78.52161695,27.60077393,8,rainy,0,7,35.01489372
17.25597102,78.56323826,17.38458941,78.30412367,12.79112558,9,rainy,6,22,43.94504211
17.4677677,78.37968001,17.22503923,78.37451288,5.155162302,4,rainy,6,3,29.59838701
17.36180267,78.33885448,17.46472491,78.36432194,21.72684617,10,clear,1,13,23.18027199
17.44223205,78.56662442,17.44108106,78.3812419,9.507249222,10,rainy,0,20,57.73200804
17.46882739,78.58669545,17.35156203,78.37426793,16.23863891,9,rainy,4,9,40.17906236
17.29540104,78.55863829,17.49013798,78.31875789,21.23715078,4,clear,5,0,56.69756693
17.23301558,78.54285482,17.32532829,78.43768215,27.10765922,10,foggy,6,3,20.17065011
17.26838055,78.49657259,17.4952331,78.51982004,23.97354465,10,rainy,0,0,17.3447082
17.32813234,78.46525721,17.400376,78.48201952,20.61447097,10,rainy,6,16,52.79114536
17.44540443,78.32609603,17.39040138,78.5018615,20.70936229,9,foggy,1,16,44.04586063
17.45821917,78.42253596,17.24978647,78.32434475,28.43181468,7,foggy,2,6,19.32892496
17.20208564,78.41180656,17.46457833,78.58544721,9.578898827,2,clear,0,22,23.46798503
17.35322419,78.37792614,17.32824691,78.55154755,1.032250732,9,rainy,3,19,50.03319708
17.3252233,78.51702603,17.24867002,78.5415271,8.886682223,4,rainy,2,14,32.693431
17.26663234,78.44876272,17.20378226,78.54689514,7.318850009,8,clear,6,12,43.52702533
17.23595961,78.32431386,17.36792671,78.57981315,20.19320297,7,foggy,3,1,25.91760111
17.30128455,78.36605496,17.35821989,78.46327619,19.37763639,7,clear,3,18,29.06149764
17.48287291,78.50497763,17.41580609,78.36008461,18.2103801,8,foggy,3,23,59.53562793
17.29696088,78.32283926,17.46707742,78.48503508,1.471059853,1,clear,0,12,22.38085436
17.35563719,78.55536207,17.22382198,78.52286445,22.13456358,5,foggy,4,23,35.32281885
17.41090569,78.44854396,17.41944895,78.52137522,10.38238196,2,clear,6,10,52.22011716
17.30908888,78.44417597,17.25622358,78.45643471,20.28662368,2,foggy,2,21,21.96116068
17.49153462,78.47772234,17.45745312,78.32053762,17.14077443,1,foggy,1,14,30.76068783
17.48873419,78.54740429,17.44571905,78.41133388,10.93919684,5,foggy,4,9,40.75456437
17.27553469,78.40434276,17.36223813,78.57622998,4.902711746,2,foggy,6,8,34.05940757
17.34917455,78.50340485,17.41307284,78.47533467,3.738148032,4,foggy,0,8,32.97511333
17.29026349,78.46971959,17.29430503,78.46149958,25.11403166,3,rainy,3,19,28.12548657
17.28545215,78.38010848,17.34135037,78.38065605,27.63352872,3,foggy,1,0,39.33231639
17.21106608,78.563589,17.44649107,78.41053468,19.84385336,2,rainy,6,16,41.2186349
17.3828693,78.53922781,17.33777956,78.56860383,3.999589331,6,foggy,2,11,42.66447705
17.35080371,78.49753555,17.30733948,78.49993891,12.65878929,2,rainy,6,9,13.5184054
17.21544363,78.55517452,17.34826373,78.53621611,22.1392368,8,rainy,4,4,41.55170879
17.28359394,78.56018826,17.44847478,78.43630363,23.61480564,8,clear,5,17,57.66185894
17.47247977,78.51250889,17.30056241,78.48907417,4.428340046,5,foggy,4,14,37.04931178
17.27186857,78.551104,17.25212848,78.37451508,1.000890847,10,clear,6,5,45.76335413
17.24346846,78.50924144,17.41360421,78.51163825,21.65197433,7,clear,1,6,37.83661539
17.34683583,78.50404223,17.44779346,78.4282804,11.3412891,4,foggy,6,16,52.73703093
17.49569514,78.48558341,17.23019124,78.43276365,8.379958617,1,clear,6,5,56.47915473
17.27261658,78.52581499,17.27196223,78.4947967,1.374026624,2,foggy,0,7,19.21099496
17.40164066,78.34758153,17.2425916,78.58088419,16.6686828,10,clear,2,11,31.84300183
17.42848588,78.56426123,17.30438242,78.3192019,25.68337133,10,foggy,1,20,29.61910505
17.27129126,78.56155306,17.33510529,78.54742297,28.77131774,4,foggy,6,13,30.26075616
17.4184649,78.30877418,17.4246479,78.38771493,17.40660357,1,foggy,3,11,16.27620906
17.31033494,78.54774503,17.39534428,78.43317584,15.9193785,8,rainy,2,22,50.6807863
17.38969175,78.33866096,17.38627857,78.306574,3.466635179,9,clear,4,9,11.78831215
17.39005891,78.40053566,17.30571248,78.39031382,16.91731124,4,rainy,1,21,36.41133039
17.36073241,78.52305248,17.45243427,78.45078937,12.01939329,10,clear,4,19,43.0939194
17.22708693,78.34822797,17.34138615,78.31685282,18.60692315,3,clear,6,14,20.3734719
17.45059075,78.54539011,17.49373148,78.44732872,12.27306409,2,clear,4,6,55.2925096
17.29623402,78.54964025,17.39024264,78.57813319,7.96867458,5,rainy,4,8,51.92746035
17.25595555,78.45224032,17.23787942,78.33161797,3.753992982,3,clear,0,9,33.55418647
17.21223254,78.30191576,17.40285327,78.52933222,10.13263489,10,rainy,4,9,30.55744662
17.37726788,78.38611144,17.2975312,78.42290132,3.802700194,7,foggy,3,15,21.82839626
17.40326931,78.48507808,17.40589816,78.49655211,6.130011574,6,clear,3,6,46.49966123
17.20497635,78.59435585,17.22089234,78.37807098,29.6327486,1,clear,2,4,16.58718998
17.35362792,78.48954406,17.25246443,78.34784768,13.87900315,8,foggy,6,22,44.01188769
17.26794873,78.37794107,17.45672118,78.34813878,16.42428123,2,foggy,5,2,52.12284931
17.39355184,78.49020171,17.26815387,78.32114758,26.33493733,5,clear,4,17,21.4235788
17.25230993,78.46199561,17.45111234,78.35569401,29.87149811,9,foggy,4,10,53.32137014
17.40728132,78.53395362,17.28378283,78.49926582,17.89871903,8,rainy,1,14,11.66615997
17.3160206,78.33209419,17.39286457,78.56450718,24.56174081,2,rainy,0,20,55.63936927
17.481019,78.52830837,17.40824517,78.54423771,10.48128971,9,clear,5,19,15.91811139
17.24125628,78.46237997,17.35379643,78.50554029,9.866574766,5,rainy,2,4,42.2879589
17.30231991,78.5888976,17.2915932,78.33312956,12.67840791,10,rainy,5,23,22.50412345
17.23404206,78.40256165,17.26379331,78.38675623,20.50271062,6,clear,4,11,51.82761956
17.47740809,78.48978657,17.20995681,78.39294206,20.78355899,3,foggy,1,3,35.61501805
17.46320181,78.57960843,17.29118392,78.37498708,10.1419436,3,clear,6,14,16.76205956
17.27738249,78.33075292,17.39594884,78.4545017,4.8630878,10,rainy,0,8,38.54957857
17.39799521,78.58116855,17.48149145,78.46066614,19.33949144,8,clear,6,6,30.39413051
17.44516666,78.50636572,17.46136134,78.40706579,4.721450003,10,clear,2,9,43.07239083
17.36656024,78.32035112,17.42981943,78.40613675,17.77628274,10,rainy,5,22,54.09516424
17.35889517,78.39028907,17.4365342,78.54856668,21.10924171,2,rainy,2,12,30.46945656
17.27255569,78.51245163,17.39949547,78.53678785,21.3177334,2,clear,4,7,24.49403398
17.22793083,78.32020518,17.27808606,78.39233875,22.85069121,5,rainy,2,11,10.72575473
17.46916473,78.47465114,17.47215851,78.57413653,26.31292323,6,rainy,6,21,38.74195189
17.47012542,78.40376492,17.40121969,78.58584451,15.49881077,2,rainy,1,23,30.11373837
17.38993044,78.48627466,17.36813219,78.39802276,22.1772265,5,rainy,2,18,28.73246095
17.30170894,78.31372261,17.23329684,78.40632748,18.95600933,7,rainy,3,0,19.14676606
17.30476287,78.56146104,17.33411666,78.45169025,6.412558254,10,rainy,1,15,31.50276726
17.4177867,78.59204669,17.33810748,78.58233624,1.744999701,10,foggy,5,21,59.22209768
17.46913308,78.59066336,17.45936908,78.56289583,9.251700185,8,clear,0,16,24.88770768
17.46612593,78.52489555,17.36399447,78.33077039,13.84797748,7,rainy,0,17,39.98522067
17.43396266,78.33902587,17.31412016,78.41781922,18.89607239,8,clear,4,10,48.82434407
17.39260949,78.52747896,17.4930401,78.46601136,25.64882058,9,foggy,4,17,47.45789116
17.22524199,78.30737607,17.23321618,78.45093974,6.691125784,5,rainy,3,6,26.43871437
17.24848861,78.30663707,17.32676453,78.35815892,4.640943907,5,clear,5,17,40.54300418
17.46956626,78.39708307,17.2126074,78.55764503,28.94091848,10,rainy,6,7,53.56323426
17.38192872,78.44659296,17.42197124,78.50308223,4.133292222,4,rainy,0,5,10.77237139
17.20275912,78.53112223,17.47542297,78.55137251,14.87624103,9,rainy,0,6,31.78671784
17.23044146,78.50498861,17.2840112,78.55762928,17.98134814,5,rainy,0,22,21.21367091
17.39905053,78.43377081,17.4575025,78.52450676,16.69985821,2,rainy,6,21,29.43161452
17.20151848,78.382088,17.28766547,78.43176318,3.494932554,10,rainy,0,9,30.7994804
17.24824242,78.59913735,17.47323105,78.48316403,2.653780506,8,rainy,2,10,47.33354824
17.36462014,78.42785439,17.42618857,78.34810962,4.059019396,7,foggy,5,12,14.69109362
17.40756856,78.43541611,17.44147203,78.50209363,17.98204283,8,foggy,1,8,35.62919516
17.39558838,78.34908715,17.20540197,78.35377598,16.78600174,3,rainy,1,6,38.20973959
17.26728079,78.53844286,17.48884311,78.50818488,7.778482969,4,rainy,3,8,34.70788018
17.41365377,78.50810467,17.4180013,78.36887945,19.49545011,5,foggy,2,12,46.59366265
17.27117473,78.36623088,17.29142533,78.33526539,24.78195756,6,foggy,0,2,29.1895628
17.29761991,78.32471431,17.4488184,78.34958535,2.205789836,1,foggy,0,2,57.24835318
17.42394742,78.50414979,17.28445636,78.30059764,15.44576836,4,rainy,4,0,34.09017213
17.39488987,78.49635336,17.46182615,78.51562189,20.99000195,10,clear,4,20,38.56069548
17.45476702,78.38197786,17.23377412,78.51972031,8.317045885,5,clear,3,19,51.27654117
17.39728387,78.58525907,17.41110579,78.45448,9.925356254,7,clear,0,1,23.7618053
17.37049258,78.34531737,17.36220954,78.34840884,18.79549919,5,clear,3,2,13.76010144
17.22810243,78.42970044,17.22896034,78.3250663,27.04012351,1,rainy,2,14,45.38919892
17.31031474,78.58308478,17.27256815,78.30573869,24.48780819,7,clear,1,23,34.15059278
17.27956071,78.4259182,17.20372121,78.34972445,17.91077635,8,foggy,0,5,54.82521255
17.27319689,78.49155778,17.34063039,78.56725666,22.17642981,7,foggy,5,12,59.13400244
17.49190317,78.41927832,17.29037958,78.37246105,11.57985164,4,clear,6,20,29.95546753
17.31792932,78.38226456,17.37950725,78.4062814,19.58800031,8,foggy,2,0,30.77195081
17.46761397,78.59519329,17.28917134,78.33160365,14.51926614,5,rainy,0,19,30.39813011
17.38934159,78.4228002,17.28997573,78.36670839,6.508147957,10,clear,6,18,26.22770549
17.43844339,78.56822976,17.42295796,78.45576737,21.35040994,9,clear,5,0,49.08435489
17.35079113,78.36898638,17.21444285,78.4823258,17.13747448,10,rainy,4,20,47.94978812
17.37307117,78.36393141,17.4708685,78.37360569,11.40002588,5,foggy,3,21,33.93224353
17.34775531,78.30934022,17.45567916,78.31731965,27.42883651,1,rainy,4,1,12.23306082
17.2585729,78.49550005,17.4003414,78.41730986,1.607089417,9,rainy,1,14,25.47796508
17.41673563,78.4105579,17.37796647,78.37026101,10.15742139,5,foggy,4,13,24.61515233
17.28423171,78.55930747,17.46769075,78.36586618,2.649560536,6,rainy,0,18,50.55436231
17.20729479,78.44196297,17.25559905,78.58795884,23.22929217,4,foggy,5,10,14.37877867
17.39364169,78.59045803,17.22369075,78.48489015,21.36111617,6,foggy,4,14,50.28376895
17.2531332,78.35565765,17.27185305,78.46706353,10.60921434,8,rainy,0,5,43.45918261
17.48213758,78.56058695,17.43837348,78.42473253,20.59422416,3,foggy,1,19,46.62207296
17.48617857,78.53297906,17.21040108,78.4286833,12.48217956,5,rainy,6,8,31.61065938
17.47445932,78.53127655,17.37484205,78.4622715,22.93135995,2,foggy,5,4,43.9862898
17.31104761,78.55343497,17.49863125,78.50892894,14.17132622,2,clear,4,19,40.45144724
17.20463698,78.5283072,17.45670883,78.51064383,12.95611211,7,foggy,3,1,48.44900976
17.47849557,78.4878661,17.35643371,78.35150817,28.10716755,10,foggy,3,5,32.33849172
17.32845524,78.33937346,17.21909227,78.45003383,8.275493897,10,rainy,5,17,33.64128124
17.48999645,78.30975785,17.44941205,78.42358743,4.49297286,10,foggy,3,22,42.17881114
17.48908599,78.57625435,17.37969355,78.56115809,17.95175028,6,clear,4,18,15.40387468
17.45590284,78.48499509,17.2344799,78.48942568,29.11033256,4,clear,4,8,31.81222242
17.28833467,78.53896119,17.22815719,78.45975122,11.9573372,5,foggy,5,20,58.59754226
17.31552932,78.44445671,17.47288805,78.33461839,2.799066145,1,foggy,4,23,11.877616
17.455341,78.33519246,17.40076008,78.48169137,10.83985275,7,clear,6,5,25.80023614
17.2950766,78.33755574,17.44878604,78.33516117,15.67201798,8,rainy,0,13,25.70549095
17.25084782,78.50566959,17.46369367,78.40116197,5.695767192,9,clear,1,23,41.67320596
17.36704038,78.42909177,17.37153171,78.34285259,20.08496432,8,clear,6,12,15.29001797
17.48084643,78.36015742,17.35523391,78.50762209,29.93473228,5,foggy,6,10,41.42720154
17.40880894,78.44747836,17.32912822,78.36187563,14.1004448,3,foggy,3,11,14.75201203
17.37101835,78.31926268,17.29508398,78.41755781,11.28712815,10,clear,0,18,14.74768237
17.22915295,78.47459142,17.33037879,78.56870243,12.62042084,9,rainy,5,18,46.40916786
17.38450217,78.38069802,17.4321639,78.36129492,4.339239173,6,clear,3,20,26.20675869
17.49701616,78.53926773,17.38057703,78.45234152,26.61493444,5,clear,0,18,58.87114739
17.2420252,78.39310859,17.46775699,78.4257815,13.02994401,3,rainy,4,23,11.86764682
17.3554989,78.43656604,17.333014,78.30543721,12.23095793,6,clear,5,12,32.25533319
17.46321192,78.30348616,17.38212687,78.53782743,20.13101791,3,clear,5,13,15.65679688
17.42223059,78.32173407,17.38939227,78.32071377,13.81896921,10,foggy,3,23,27.56894834
17.40910472,78.41774807,17.37750915,78.44227651,19.7987706,6,rainy,4,17,59.91112253
17.41074523,78.44398165,17.41079013,78.46820349,2.781942414,4,foggy,3,11,54.44212559
17.30784735,78.48000616,17.27123004,78.48852794,24.59797697,2,foggy,2,3,12.41622044
17.28807755,78.38749877,17.35370913,78.50658949,28.27461463,8,rainy,0,9,38.16279219
17.44280835,78.50849457,17.23126744,78.37598172,19.8141962,4,rainy,2,16,42.39111524
17.44303402,78.55803672,17.3153534,78.30299363,28.68241194,9,clear,0,3,20.4767312
17.4601217,78.5339553,17.34630012,78.5170331,5.391537117,7,foggy,1,11,17.25527867
17.47397217,78.31188565,17.39566728,78.46069698,14.84506949,2,rainy,6,12,55.21905673
17.35340272,78.44415208,17.48515932,78.55083531,18.45239528,4,foggy,5,3,58.44082207
17.35045489,78.33147905,17.38019532,78.54641651,17.87036278,5,foggy,3,9,59.59464287
17.43948855,78.3726135,17.42307817,78.55299785,12.64239159,3,rainy,1,2,49.48808869
17.39498918,78.59599878,17.35187982,78.4455284,10.80444787,9,clear,1,14,43.17510347
17.41059006,78.34274866,17.39023121,78.40008852,4.677896654,5,foggy,5,1,27.28651261
17.4387378,78.44966645,17.22127966,78.53746746,12.36053107,2,rainy,5,16,18.56991562
17.4670016,78.48544672,17.27631747,78.43538823,5.717163638,3,clear,0,5,13.94902997
17.30139855,78.51073949,17.30855593,78.35503266,22.29660462,9,foggy,2,7,44.66487343
17.31267489,78.46789461,17.34174801,78.55649221,7.056097129,7,rainy,4,2,49.23617076
17.22819458,78.30293125,17.21369462,78.56476796,2.698393853,2,foggy,0,17,51.32268262
17.37348404,78.39793839,17.24200723,78.43989293,17.018618,9,rainy,4,21,55.68825017
17.21078268,78.45531349,17.28304429,78.32270992,18.26166225,4,rainy,1,0,53.99647818
17.33967941,78.32635995,17.49145981,78.41634783,26.28547878,9,foggy,4,15,59.98706361
17.36279339,78.40518808,17.2994041,78.5410613,17.73246676,2,foggy,2,6,22.20320055
17.28596238,78.30996093,17.34461232,78.57053221,11.01894476,10,rainy,0,2,48.16538076
17.37724998,78.32357355,17.25882931,78.36104182,24.28734456,4,clear,5,22,39.32297562
17.20915007,78.41907698,17.38323402,78.32009208,16.6680879,5,foggy,2,3,23.06225662
17.21120446,78.33981473,17.28420496,78.56320514,3.299128254,2,rainy,6,8,59.09526611
17.44678017,78.47026225,17.26209777,78.41682148,17.40966625,10,rainy,2,4,54.89490524
17.30805719,78.50683949,17.35497179,78.46252829,27.33253782,1,clear,6,18,16.42578342
17.23811815,78.54017601,17.20165174,78.59041974,12.49306614,7,clear,0,14,11.30791712
17.35667298,78.36004507,17.20229921,78.31996942,9.593448255,10,clear,5,7,44.41653812
17.43099807,78.35024477,17.26572064,78.4944954,5.160614254,1,foggy,2,5,40.20653144
17.26474631,78.33137035,17.21101641,78.32223163,5.391920136,8,rainy,6,17,56.79078121
17.38686714,78.49092907,17.23240773,78.41264068,13.55037305,3,rainy,5,18,21.70026436
17.22560424,78.51194272,17.30165819,78.54114436,18.2747149,10,rainy,3,23,14.21939739
17.21550452,78.30947584,17.4407757,78.43004167,3.33784675,6,clear,3,14,22.96076669
17.35940639,78.58086367,17.37161459,78.59915471,28.24748908,7,rainy,3,6,10.94638203
17.36219054,78.31559139,17.35380032,78.46771779,22.89887491,10,foggy,4,9,11.79463756
17.39122897,78.4623889,17.28804665,78.39634865,18.01209363,1,clear,2,5,55.7428903
17.4178274,78.51271816,17.47952612,78.3660334,25.02472146,6,clear,0,13,27.60082913
17.49275562,78.56129074,17.31910451,78.40515616,3.325415948,7,clear,0,16,30.54045005
17.3548901,78.51422608,17.22612783,78.41175998,14.82832745,6,clear,4,8,10.91858273
17.29688694,78.54051842,17.38511995,78.3206141,19.27270068,4,foggy,0,18,23.52608901
17.43855586,78.40183506,17.23415152,78.41087226,25.03093428,1,rainy,6,4,50.23629919
17.28124968,78.54444753,17.30356694,78.43927156,23.72061724,9,foggy,3,22,40.77454798
17.33169143,78.32403445,17.35222358,78.51682133,9.035008242,4,rainy,2,6,47.68903005
17.22353691,78.568445,17.46226676,78.49701885,28.28552492,7,foggy,0,18,32.36068704
17.20760522,78.46427771,17.34806397,78.5126297,4.606029401,7,clear,0,19,25.48646109
17.48879452,78.54518933,17.41067763,78.3025091,26.37887494,2,clear,1,6,34.14050467
17.45079404,78.43569549,17.49784505,78.36530022,29.15726724,1,foggy,1,23,26.15355342
17.40879226,78.49307331,17.23944674,78.49850529,6.137452173,8,foggy,1,1,51.94855483
17.32268588,78.4579208,17.28241946,78.44519681,21.93991586,8,rainy,2,22,24.88368578
17.2519883,78.51947686,17.31837282,78.30159404,2.168280045,7,foggy,3,15,42.98818202
17.24693111,78.32448899,17.32654845,78.54134839,12.75726193,8,foggy,5,12,16.84911112
17.27507287,78.31810563,17.32330632,78.53184287,15.97221568,3,rainy,3,7,44.34332469
17.364768,78.37413097,17.4722833,78.46452575,17.83871155,2,rainy,3,5,55.66498558
17.41437878,78.3478634,17.41420979,78.319939,28.1421802,7,rainy,2,5,40.42915773
17.39805921,78.56153507,17.38237156,78.52995451,20.49526993,8,foggy,6,8,37.992769
17.28398017,78.3657642,17.29281182,78.47511408,14.95706059,1,rainy,6,3,58.0559134
17.48645958,78.59275958,17.44713712,78.53458799,24.48057605,10,clear,2,10,41.36982777
17.42136908,78.40106874,17.48651815,78.5255241,28.56545181,9,clear,1,4,22.97752166
17.36630622,78.35463537,17.44635948,78.54090062,1.639918312,4,clear,0,16,24.61955119
17.38351622,78.53690955,17.20046953,78.45540242,29.4931169,4,foggy,4,19,45.26533213
17.32588002,78.49761233,17.39092041,78.34209736,3.497832033,3,clear,4,6,46.77182969
17.2743193,78.44945871,17.21534061,78.50134724,24.6172166,6,foggy,5,14,25.17481159
17.3067918,78.46660907,17.27728217,78.48614214,9.129707824,1,foggy,0,14,27.2671989
17.42735383,78.51576053,17.21785741,78.52267596,4.833210075,6,clear,5,13,59.55282544
17.20431805,78.36853642,17.38113864,78.3509643,13.75581355,2,rainy,1,12,15.09762748
17.23482179,78.59890017,17.40597697,78.35849256,19.6747408,9,foggy,5,10,30.23225142
17.21380079,78.59243795,17.23434629,78.56712286,12.04760351,2,clear,0,12,13.12237656
17.21221864,78.49509771,17.31515166,78.52499334,2.58239684,7,foggy,0,21,51.0539181
17.45663818,78.35986274,17.33687095,78.57246855,18.38437305,1,rainy,4,23,14.61729195
17.41109736,78.50406847,17.31071591,78.5276146,27.16969501,7,rainy,6,8,43.70036782
17.34225215,78.32165952,17.2363075,78.47914659,12.11324561,5,clear,1,9,12.8241712
17.22935025,78.30919575,17.32568434,78.49623982,7.273650551,8,foggy,2,3,43.64275189
17.34748476,78.37730487,17.42535341,78.56673838,13.83474303,4,foggy,5,16,52.15184735
17.34204153,78.43878689,17.2213023,78.47364203,2.40251862,10,foggy,4,13,29.94107635
17.25196056,78.56048175,17.224054,78.4897174,24.79413995,7,foggy,5,23,36.10632467
17.33015549,78.51815072,17.30643139,78.34694301,24.96388352,6,clear,5,17,30.0770869
17.31955142,78.52281196,17.48251771,78.44217637,18.05201344,5,rainy,2,10,25.02443793
17.38475503,78.427648,17.40057179,78.51491913,11.23998378,4,clear,1,15,50.16317003
17.3905281,78.4037805,17.40360099,78.38128281,24.19371757,7,foggy,0,0,23.60012869
17.2135912,78.41131163,17.308576,78.36067625,17.08592372,5,foggy,3,6,46.14717122
17.31238378,78.59629487,17.37809824,78.39414804,24.95203695,5,rainy,5,9,20.30985396
17.38775797,78.31203276,17.20303936,78.37245019,19.31230498,1,foggy,3,8,22.4926898
17.35094088,78.56010945,17.39082881,78.36447379,23.74775872,2,clear,1,2,26.82305813
17.45694695,78.47360262,17.47398608,78.42745525,18.3583268,5,clear,3,21,39.45781887
17.39760809,78.43158463,17.38377204,78.57235155,13.01009098,3,rainy,5,22,32.72111596
17.24888033,78.5175773,17.46210958,78.45211789,28.78042994,2,clear,2,13,47.25724049
17.22117062,78.44600068,17.41719192,78.35637611,16.69230092,4,clear,3,14,20.67836502
17.39272578,78.56202697,17.23616752,78.3230915,18.54759604,4,clear,1,1,10.53361439
17.20795339,78.57021056,17.47073599,78.50884684,7.394141543,4,clear,1,23,48.82787359
17.37573267,78.42651628,17.21993315,78.41483963,19.14387289,4,foggy,6,13,51.08246669
17.48206907,78.38304834,17.36019024,78.54654928,17.57662184,3,clear,6,15,12.97400816
17.37264225,78.4777051,17.24264114,78.49785323,6.36031354,7,rainy,2,6,40.54537611
17.31645098,78.573709,17.20351198,78.53887244,2.728025823,9,rainy,3,3,28.91033919
17.39298647,78.36319866,17.32661028,78.38158381,18.52642027,5,clear,3,17,49.69478276
17.33747587,78.48688998,17.28851221,78.50770768,23.14707581,4,rainy,6,23,53.72072771
17.36368504,78.48946807,17.34580015,78.3792186,16.17863976,2,clear,0,4,52.55018834
17.48243944,78.51993391,17.37315997,78.58172054,7.576406134,2,rainy,4,5,48.86021237
17.31583079,78.33947031,17.21312172,78.49091228,20.32913732,5,rainy,1,6,23.45261144
17.48835717,78.51474749,17.23690099,78.39735354,3.323066072,7,clear,0,14,50.59448218
17.47160519,78.57270976,17.36759272,78.38085356,13.81317744,10,clear,1,0,36.6739238
17.25873734,78.35390493,17.30295021,78.35727798,5.737635994,10,foggy,0,23,12.63783074
17.22080839,78.371263,17.41875205,78.50839229,6.349312481,9,clear,6,3,32.84694249
17.2302334,78.59141853,17.39568749,78.36561468,6.866524526,7,clear,6,0,57.10789585
17.20546655,78.35429309,17.45368131,78.47859098,12.21450465,5,foggy,4,10,54.39296749
17.22833289,78.55631553,17.40774785,78.37939051,2.483355963,10,clear,0,17,15.11321405
17.40490203,78.44768336,17.32897932,78.49859068,12.53600979,10,clear,1,13,47.20633429
17.22135659,78.37416932,17.40188999,78.54448192,15.83951597,10,foggy,3,21,50.2896433
17.29569269,78.56122497,17.28261435,78.53340757,15.01553426,6,clear,1,10,23.56940941
17.45346259,78.43359158,17.29189405,78.5282554,12.10073891,3,clear,5,9,33.58042854
17.20698158,78.45444521,17.43669555,78.35631672,25.33525163,5,foggy,6,16,45.54939707
17.44434054,78.40777001,17.33392585,78.32651548,5.21447408,8,foggy,2,3,31.95207444
17.28455643,78.47788526,17.4395141,78.50968465,15.66520557,1,rainy,2,23,15.63984594
17.23544945,78.34905716,17.44672671,78.41050416,2.799201092,1,clear,6,14,45.29412223
17.40902115,78.41732446,17.4572687,78.42970387,3.063514687,7,rainy,5,15,55.58193449
17.38868285,78.5908237,17.47499057,78.30934473,17.64210964,5,rainy,2,20,42.62423642
17.4632416,78.37744003,17.32929557,78.37787293,17.41453432,5,foggy,6,12,48.69003743
17.42052131,78.497021,17.29566005,78.31010292,26.46297187,1,clear,2,8,27.91812678
17.44104428,78.39755702,17.37465962,78.56375573,17.17833659,9,clear,6,10,19.15991226
17.28461037,78.53204194,17.31135173,78.373019,28.83393959,1,foggy,4,10,42.13868308
17.25323186,78.3392621,17.38032225,78.46720115,2.412150604,5,rainy,3,5,26.38856029
17.42518443,78.59094631,17.41167576,78.3116938,3.842222859,10,foggy,3,0,53.00367595
17.44205042,78.43613686,17.40652151,78.50005422,2.277909986,9,clear,1,21,16.1314025
17.49715154,78.37081514,17.31236587,78.3969082,6.37302866,4,foggy,5,5,31.67318499
17.3237853,78.32204902,17.25005806,78.56937576,16.69683322,8,clear,6,12,29.83638002
17.31160543,78.35092737,17.3291588,78.56643546,19.72159326,6,rainy,0,21,56.90269268
17.43292389,78.45593218,17.24277824,78.39758719,2.321969581,3,clear,1,23,17.65674003
17.30224106,78.40110095,17.46702911,78.57028827,28.43315581,4,rainy,1,21,10.49234125
17.4792272,78.54866501,17.30376324,78.5988473,25.42279592,2,rainy,6,4,21.90426064
17.45752383,78.42926626,17.24633792,78.5476247,9.601761983,1,clear,6,14,51.01384299
17.32869821,78.37461428,17.20763433,78.5534614,3.238438377,8,clear,1,17,20.4660908
17.42526132,78.4851435,17.39374672,78.37470262,5.926725123,1,rainy,1,19,22.04390319
17.42636286,78.51203317,17.3910707,78.47301072,4.681387999,1,foggy,3,13,16.49494023
17.23093716,78.35011257,17.30218125,78.32017677,4.5752296,4,clear,0,14,45.77181016
17.47076587,78.35028576,17.22151357,78.32847538,16.03828897,10,rainy,1,4,13.45870953
17.35157571,78.31100143,17.32288867,78.59966778,8.129575832,10,rainy,3,3,26.56041512
17.44793724,78.5209206,17.29336525,78.39799177,11.38605178,6,foggy,1,1,24.12493633
17.29601488,78.49914136,17.40313619,78.52445517,29.69565467,9,clear,2,6,37.75798649
17.46865697,78.44238926,17.38173377,78.54199952,20.84511322,1,rainy,1,9,46.52081325
17.3167605,78.55325113,17.30937812,78.55740698,28.52043934,7,foggy,6,15,36.64382173
17.2032513,78.54170105,17.26536777,78.59928849,5.134140096,10,rainy,5,9,56.55129965
17.47161459,78.47560631,17.49641079,78.37244895,12.08204477,5,clear,5,17,57.57213194
17.227386,78.56048138,17.33620049,78.31210525,17.0872223,8,foggy,1,16,28.07326642
17.29579409,78.36175236,17.40648227,78.42335746,3.225983795,7,rainy,4,20,48.88401881
17.48501859,78.33357589,17.24216589,78.3390242,1.121435865,4,foggy,2,12,46.94006916
17.48518214,78.38092488,17.34567691,78.30672777,20.44259568,4,clear,0,0,54.64822959
17.37203137,78.31712606,17.20826102,78.40812805,19.61276599,6,foggy,1,0,32.39718201
17.38955116,78.45935086,17.35163654,78.53512148,12.91287549,6,clear,0,14,36.52365936
17.33453366,78.58098171,17.48920522,78.46985421,15.1996782,9,rainy,2,0,30.78871568
17.28796323,78.31180306,17.31526201,78.3938334,13.04784702,5,clear,1,5,52.51884596
17.29859936,78.33663297,17.2116988,78.4963026,1.696146301,8,rainy,4,12,21.48511577
17.40175554,78.43565971,17.20928674,78.36960545,10.72577658,5,rainy,3,0,21.98545391
17.42571236,78.58016251,17.31639603,78.30431443,6.135385407,2,clear,4,4,28.63025518
17.43747371,78.39484683,17.24800748,78.52930602,3.854301484,6,rainy,6,8,21.51714161
17.43688544,78.45217044,17.20700563,78.48712293,28.74489258,9,foggy,4,16,38.05034182
17.22736183,78.31247186,17.42686408,78.52869079,18.38143203,3,rainy,3,15,16.72450532
17.34832609,78.34450296,17.3375569,78.31168141,22.13103224,1,clear,6,7,26.00931097
17.21726763,78.59598904,17.28677343,78.55113589,10.14554855,1,foggy,3,16,55.67223492
17.36485866,78.58953561,17.47002495,78.48585786,12.40126676,3,foggy,5,14,30.46127401
17.33245915,78.30148199,17.23484169,78.46901861,7.870795823,10,rainy,3,23,47.41168582
17.46631125,78.58554354,17.48677565,78.48738421,3.812004458,5,rainy,1,0,15.67310959
17.3052745,78.49173598,17.29419002,78.55932997,6.191917486,3,clear,0,11,22.37822541
17.2351201,78.56037549,17.4665211,78.47608095,24.12790731,9,foggy,5,4,50.36728106
17.2428975,78.43642196,17.38088286,78.47428511,20.64882835,8,clear,5,23,48.14964681
17.42845319,78.45467881,17.44801221,78.59720375,16.8609374,3,rainy,0,5,29.30779593
17.38546542,78.44665397,17.49520395,78.52701905,14.77760631,9,foggy,5,0,57.7198451
17.2303368,78.50005928,17.28652163,78.43268814,27.75059423,6,clear,3,0,55.53215079
17.22523204,78.34189538,17.48834065,78.5122191,3.109313486,7,clear,4,9,58.11503746
17.41029074,78.30899208,17.31684457,78.41676914,9.137423584,4,clear,2,9,31.39573451
17.2218289,78.39237898,17.31565357,78.36866264,11.14819775,4,clear,3,2,19.87367918
17.44655802,78.51140423,17.30211613,78.47905556,23.69034855,2,clear,6,16,41.33293195
17.41187267,78.36055604,17.36242228,78.57845463,29.78292398,5,foggy,6,18,44.23865791
17.22440463,78.50202973,17.24624351,78.57874186,7.979444928,8,clear,4,10,16.27208922
17.22545131,78.59097361,17.36611345,78.40257158,26.35491269,7,foggy,4,17,49.32415171
17.49599187,78.32817021,17.36251144,78.45830324,25.08806005,7,clear,5,1,10.90301099
17.31228124,78.50178064,17.42857054,78.36349077,7.515064532,6,rainy,1,8,34.13641937
17.31119264,78.43312507,17.45009499,78.59868933,12.58064483,3,rainy,1,23,26.55081297
17.44383987,78.56044268,17.33213241,78.59433537,12.88051321,5,clear,5,16,47.01515299
17.48417457,78.35314494,17.29069997,78.49485268,29.36839939,1,rainy,5,13,25.63803637
17.49580032,78.50778779,17.27780047,78.54132422,6.24586514,7,foggy,0,3,51.34035564
17.42601346,78.55143459,17.25838715,78.51453005,24.17558116,9,clear,0,16,39.74767444
17.31287788,78.58338427,17.21729427,78.47794747,10.69158871,1,foggy,2,16,49.69466809
17.22505022,78.50497441,17.30273439,78.3160044,22.19524003,2,clear,2,11,59.46703189
17.43314407,78.44915243,17.28107431,78.4364293,13.18031912,3,rainy,2,19,43.95791729
17.36752127,78.48535417,17.48992522,78.50243589,17.77243313,3,foggy,2,17,59.24751582
17.3272666,78.5606715,17.36731265,78.50325948,25.14574143,8,rainy,4,2,11.44181635
17.47190632,78.47118292,17.30418311,78.41193679,24.32080138,7,rainy,4,10,26.90699942
17.23335924,78.30911612,17.37414028,78.5825076,26.12627232,6,clear,0,17,15.39266323
17.34778753,78.57928461,17.24175901,78.35020711,2.728902435,10,foggy,1,3,23.11524657
17.20340609,78.50685803,17.33321312,78.45010783,21.06946604,10,rainy,5,16,51.94439496
17.34059819,78.50295402,17.3878703,78.50726519,5.059633925,4,clear,6,17,11.61616327
17.21689098,78.36470255,17.34666935,78.50914074,13.05873847,9,clear,1,4,36.00914679
17.23564537,78.49766564,17.32053364,78.49459169,16.90906404,1,clear,3,13,38.35643538
17.23525787,78.41815932,17.49815452,78.38258646,12.67944506,2,rainy,4,9,38.05755733
17.39476309,78.49536989,17.46409443,78.34686197,16.0687386,4,clear,2,14,33.76485369
17.42381346,78.33197791,17.38702179,78.4907821,29.89926296,3,foggy,2,0,49.53014824
17.37501063,78.49735359,17.37081321,78.47979063,4.921302098,1,foggy,3,15,16.67715448
17.48865176,78.59982412,17.38619814,78.3538068,20.58822531,5,rainy,1,10,25.52885078
17.31246117,78.31446361,17.26039363,78.51154174,12.48402803,7,foggy,2,22,40.78630267
17.28571363,78.59315226,17.31854132,78.4365516,4.857284168,2,clear,1,19,44.54756831
17.46057974,78.42207239,17.21183786,78.50032818,5.603366138,5,rainy,5,5,30.20742159
17.26707875,78.56122604,17.34266381,78.55121012,28.52892008,6,clear,3,23,53.76856317
17.48896676,78.53471565,17.36290738,78.35091853,26.5084434,7,rainy,6,21,30.77466983
17.20364634,78.47010488,17.26832492,78.30574346,27.30421685,1,rainy,1,15,30.13880672
17.49096365,78.52153476,17.48920865,78.53373078,29.7544505,7,clear,5,1,11.81036307
17.21294797,78.56355467,17.47283638,78.48290923,7.04114631,4,foggy,1,0,37.55706681
17.46734293,78.4212421,17.41664297,78.50989187,11.30774078,8,foggy,1,23,45.43404193
17.35831033,78.39810995,17.36001599,78.55144649,20.40735187,4,rainy,2,23,15.72190818
17.49788944,78.50027802,17.46099075,78.54084328,15.03027366,6,clear,0,8,25.2716383
17.22213897,78.54235378,17.2391957,78.58827604,13.13329647,9,clear,4,21,49.06284769
17.36615629,78.52868554,17.43715294,78.46078052,11.37652623,5,rainy,1,11,28.29597177
17.49079076,78.53934409,17.23744624,78.44654869,18.21963833,4,foggy,1,16,22.0801231
17.35692935,78.43067499,17.4382632,78.42056616,17.69220943,8,clear,1,14,43.61003318
17.38881959,78.54535026,17.28273027,78.34610731,5.682277188,9,foggy,0,18,19.83793888
17.40872461,78.33606272,17.46312717,78.47178217,14.68045529,4,foggy,5,21,54.78264598
17.33636232,78.46334673,17.48321263,78.38310376,17.05068151,3,rainy,6,9,15.2799198
17.38826742,78.3017276,17.24463879,78.57639225,17.53832122,8,rainy,6,11,45.32749011
17.37529429,78.39737575,17.33880268,78.47495724,7.093108594,5,foggy,3,13,34.97743506
17.4703474,78.40993846,17.49429621,78.47785205,22.52587038,2,clear,2,8,53.49647812
17.21363391,78.41885181,17.34502223,78.4064774,1.73077375,10,clear,0,12,16.30975455
17.28428896,78.50864016,17.45906426,78.31559681,11.29012381,9,rainy,5,2,43.89474592
17.48512345,78.41656743,17.37661946,78.30952313,23.62616681,3,foggy,1,20,38.60273196
17.46707914,78.43460809,17.31259897,78.42700054,17.35289471,2,clear,5,13,34.00450711
17.33669703,78.37126324,17.28573507,78.32536961,8.573710543,1,clear,0,20,34.57036317
17.38603978,78.41197554,17.26096693,78.48205409,21.15364046,8,rainy,0,9,46.09884809
17.28321435,78.36818089,17.42853946,78.5642919,17.45433738,3,foggy,0,15,56.88708275
17.25643635,78.32195878,17.31596215,78.56487444,24.09106467,7,clear,3,6,14.56258296
17.33910952,78.48103458,17.35338264,78.49771362,22.3157304,1,rainy,4,3,10.97513238
17.30600567,78.50046384,17.34769764,78.36336955,18.69312974,1,clear,2,19,50.28523962
17.37509683,78.4858471,17.37318371,78.55889905,15.15715258,9,clear,3,22,15.40846938
17.22332039,78.43904821,17.45967314,78.56582803,4.862281644,8,clear,3,10,59.3348398
17.49231844,78.41393573,17.4942218,78.35899608,8.578657519,3,rainy,4,15,40.96741245
17.49586322,78.55900009,17.32227526,78.52122783,13.15388471,6,foggy,3,19,42.54331976
17.40944851,78.45572454,17.44825568,78.38595586,18.37967932,3,rainy,0,3,19.94458515
17.36082891,78.44375456,17.42935834,78.54079209,15.8975278,4,foggy,0,21,22.01561551
17.29285828,78.30769262,17.37205869,78.59917137,9.357351253,1,clear,5,21,42.96751515
17.44413851,78.40237435,17.48681414,78.3090078,1.187466376,5,foggy,1,22,55.4863419
17.40541935,78.41405869,17.26014235,78.56920976,15.39093744,1,clear,3,16,59.11952773
17.24878508,78.41964683,17.23277926,78.48678916,9.283153668,1,clear,1,12,19.90154733
17.47327816,78.47405171,17.45618859,78.59201479,22.30364072,10,rainy,2,10,16.70598114
17.44676117,78.46008076,17.33174494,78.43950286,1.694441693,7,clear,6,2,12.82006789
17.48493997,78.48237153,17.45409066,78.55421638,17.96000653,6,rainy,0,8,53.41485091
17.41771585,78.52946498,17.46792706,78.31871822,28.30275289,2,foggy,5,5,24.73574234
17.38402456,78.54389572,17.21873728,78.40058372,6.057868746,2,foggy,2,21,10.09060169
17.32547291,78.51543692,17.46503943,78.32010496,14.67783523,7,clear,5,20,21.1909043
17.47981855,78.58665711,17.33449572,78.59260294,3.651237763,1,rainy,6,10,27.022054
17.45981917,78.30546977,17.35312975,78.54509217,19.14477546,2,clear,6,15,59.54930847
17.2135656,78.3587334,17.38797775,78.55576423,16.96541874,8,rainy,4,18,36.17707969
17.20791009,78.30226886,17.47791478,78.58138957,12.8136002,6,rainy,0,4,20.23569738
17.31293901,78.49424241,17.20573483,78.32553105,16.11993362,2,rainy,2,13,26.74091724
17.443166,78.56940916,17.34305304,78.41567928,27.0006651,7,foggy,4,16,26.51538438
17.49618284,78.37304469,17.40631661,78.32131047,6.692534767,4,rainy,6,2,10.98628732
17.24512507,78.57811036,17.41681209,78.36323793,1.654370839,2,foggy,2,3,16.75915271
17.37823921,78.31808022,17.40775973,78.36880973,25.98828166,6,rainy,5,15,44.75982299
17.31426726,78.58033081,17.24033054,78.44073216,17.73639539,9,foggy,4,15,16.01254933
17.49097432,78.40548681,17.28981868,78.38056865,26.82909521,9,foggy,4,20,21.53671383
17.45263568,78.33042625,17.30761466,78.33029343,18.31141148,8,foggy,0,3,27.53686492
17.45149861,78.44576153,17.44133116,78.35024733,24.49467161,3,clear,1,18,47.88674723
17.34060795,78.37703297,17.28362796,78.34418267,13.46052754,3,rainy,5,16,39.12004824
17.32444585,78.38546187,17.26321149,78.59192304,22.74593801,2,clear,5,12,44.44999925
17.28202212,78.39218699,17.48723441,78.52778775,27.47820254,5,rainy,4,21,38.35061627
17.21691265,78.54090777,17.20265899,78.59032844,17.59156595,4,rainy,4,22,44.17962126
17.45941671,78.46174838,17.49934626,78.43192215,6.242769366,7,clear,0,23,10.14210768
17.4438703,78.39339231,17.40304639,78.38351054,8.795130836,4,foggy,1,0,56.54490722
17.4999153,78.48310013,17.44854079,78.53948796,6.76069273,9,rainy,5,11,15.54601154
17.49899105,78.5148452,17.28838582,78.39787618,8.1588538,2,foggy,6,3,30.3124548
17.36662951,78.3817872,17.20429458,78.38981501,9.886048031,6,clear,3,10,48.55191851
17.43069622,78.42406473,17.42136086,78.3697518,17.09887982,7,foggy,3,4,31.7615359
17.48342972,78.33656583,17.45024338,78.33890369,18.05175725,4,rainy,1,1,57.34212758
17.45489422,78.3543448,17.42214284,78.37693892,13.36849267,6,rainy,2,16,33.37944742
17.27420443,78.50433536,17.24285509,78.40659592,18.84720261,7,rainy,0,7,53.74697028
17.33516324,78.3544315,17.42602838,78.50219826,3.365672843,4,clear,1,5,50.54140567
17.23874782,78.45754902,17.43067683,78.31876945,3.545858875,8,rainy,3,20,59.04931514
17.48621531,78.51271388,17.39756215,78.36315208,5.98305435,9,clear,4,8,56.32738904
17.38185239,78.33206308,17.42983478,78.54270709,16.02424744,1,foggy,3,12,54.90619174
17.26859284,78.47019367,17.45377643,78.34407658,7.205845682,7,rainy,4,10,46.58021703
17.40151021,78.37696884,17.38408123,78.40279354,9.215247701,9,rainy,0,15,28.34990736
17.38543847,78.58887806,17.22658141,78.55939768,12.60907225,10,rainy,4,15,15.30627093
17.30744882,78.44506369,17.34628834,78.34647759,24.5441176,5,foggy,1,1,44.43225261
17.23406728,78.54179776,17.2232948,78.32482105,1.402001941,2,rainy,4,9,58.93270407
17.40147196,78.46506796,17.32226291,78.4453614,19.83198579,10,clear,2,11,46.33022187
17.35609231,78.31302376,17.32213195,78.39072585,20.3974194,6,foggy,1,7,56.43646846
17.43169552,78.48994541,17.21980295,78.46902251,24.16101763,7,foggy,0,10,50.21523565
17.35604905,78.585421,17.30464616,78.54114147,28.04983523,2,foggy,1,9,18.15573376
17.45565445,78.48048355,17.23329943,78.34114455,1.58399762,2,foggy,2,12,22.46018853
17.36557205,78.54575666,17.44247056,78.47420973,5.45972746,10,foggy,0,16,27.09328009
17.36828139,78.56526194,17.48430641,78.45165263,26.69896753,10,clear,3,6,18.41302222
17.46299608,78.36842393,17.22169494,78.34322364,14.2970383,1,foggy,2,23,39.08256663
17.32104486,78.36361345,17.48653456,78.48719955,17.37312853,4,rainy,0,2,58.77252621
17.24020457,78.4832943,17.35677298,78.38209213,20.22778891,7,foggy,6,19,48.07294167
17.2086348,78.42330854,17.2898697,78.4463503,20.69293153,9,foggy,4,12,31.16933745
17.42654118,78.55195839,17.22305862,78.3246817,28.0204717,3,foggy,1,18,10.22522405
17.38609287,78.57000694,17.35018728,78.43787522,29.9115331,7,foggy,0,6,25.66380056
17.41122393,78.40602641,17.43835466,78.39193904,21.88456637,7,foggy,1,8,36.33796438
17.26388925,78.37106117,17.41212594,78.54671436,9.329415067,7,clear,4,18,26.21254369
17.24091144,78.53415765,17.2150678,78.31709362,26.51281967,2,clear,0,12,15.55174615
17.2043634,78.38244181,17.22187055,78.42558218,2.427406522,6,foggy,3,21,32.13824784
17.30517627,78.5467843,17.32086198,78.43752943,7.701344733,2,clear,6,7,22.66264085
17.37697531,78.42712148,17.28858715,78.51750182,27.02418581,6,rainy,6,21,55.46161882
17.31767321,78.50026497,17.2697153,78.47228627,8.429553919,10,foggy,2,17,15.08772643
17.33124248,78.32866059,17.28430135,78.5001637,7.398880729,3,rainy,0,22,12.45763144
17.47124761,78.4871578,17.44104482,78.53311479,5.005633501,2,rainy,4,1,10.26570846
17.30447664,78.4355303,17.47876842,78.55866089,25.91424097,6,foggy,0,17,26.40348422
17.35419685,78.47598254,17.32153081,78.39416265,15.50168952,2,rainy,1,17,43.01934191
17.4350959,78.35040426,17.4718333,78.46140681,20.57190289,5,rainy,5,10,46.52068764
17.31896283,78.52106212,17.29644871,78.55203242,7.932925138,2,rainy,0,0,32.66308417
17.38662601,78.55883912,17.3429311,78.59683534,22.98317221,3,foggy,6,13,44.21643252
17.45870911,78.36502194,17.2678087,78.56685579,23.0401608,3,foggy,6,15,27.99570181
17.48485619,78.32871437,17.39214281,78.41144018,10.06534272,6,rainy,6,10,43.390311
17.24412204,78.30709158,17.49369433,78.35854996,12.90979636,6,foggy,3,0,12.02979927
17.47797629,78.49259145,17.38104793,78.44681776,7.081018045,10,foggy,0,6,29.53764923
17.34763489,78.48212821,17.30734423,78.52249244,29.32026968,3,rainy,2,15,49.54248388
17.27747332,78.46400922,17.39434523,78.44777072,19.72247473,3,foggy,0,13,50.15030152
17.33774073,78.36958413,17.2368762,78.44495426,28.10177254,1,clear,5,14,45.80743894
17.49400977,78.4172718,17.46659772,78.55146913,9.798180765,7,foggy,6,13,20.21193103
17.34778543,78.4783429,17.35092519,78.40842113,23.67483648,8,clear,1,20,22.36025595
17.29862548,78.44903006,17.33480492,78.5579384,23.20990067,2,rainy,6,10,59.80443636
17.39002026,78.59633566,17.37575944,78.42204144,21.0580139,4,foggy,0,15,15.16890036
17.27204369,78.34093193,17.38743516,78.39846993,29.00353028,10,rainy,3,18,19.03313495
17.222759,78.50854337,17.22153274,78.43619697,12.41310475,7,rainy,4,16,16.50131278
17.23866392,78.42129563,17.40478517,78.52873409,4.790802384,8,rainy,0,5,26.38274818
17.23841375,78.42845988,17.2725795,78.33780061,20.47955692,1,rainy,0,10,20.50879176
17.24557081,78.51527933,17.41418579,78.35892576,22.14998421,4,rainy,2,16,34.88439798
17.24164815,78.50773085,17.44676044,78.58543345,17.67675663,6,foggy,3,8,33.80103534
17.39226242,78.5973768,17.44118755,78.35264749,6.997718901,3,clear,5,17,55.07528097
17.25456403,78.33851829,17.36575029,78.4703182,15.62922231,5,foggy,4,16,11.73699737
17.30370018,78.33123289,17.35605097,78.47379434,10.05350236,10,foggy,6,11,25.99397883
17.46903652,78.51730165,17.24286279,78.44688734,13.39652932,9,foggy,1,22,39.8328946
17.34218849,78.47351608,17.43260385,78.49342357,19.7113387,3,foggy,0,21,40.24008809
17.40026732,78.3822482,17.28142281,78.36894802,22.61122754,5,clear,5,21,34.00631145
17.25169596,78.32382581,17.34900863,78.46579868,7.734516036,8,foggy,4,4,50.78327704
17.25768671,78.32569747,17.28528223,78.41165198,12.75443546,6,rainy,1,10,13.13610857
17.21226058,78.56825726,17.24014851,78.49850018,8.805685559,4,foggy,5,3,50.77438828
17.25068052,78.3575602,17.38886731,78.34236706,6.760316802,8,foggy,3,3,34.73771202
17.2835771,78.39701147,17.21629961,78.47126323,23.71822938,3,clear,3,2,16.68803475
17.25310315,78.36799692,17.42459357,78.35558111,27.36832814,3,clear,4,23,54.28509568
17.22661076,78.40649889,17.29527604,78.38359292,11.73673338,4,rainy,6,22,42.46143898
17.23619076,78.32082715,17.20004041,78.36561294,22.78708881,9,foggy,1,16,18.17728434
17.33823363,78.45571794,17.35333874,78.35485133,27.01286339,5,foggy,3,6,11.68248617
17.26190012,78.32028377,17.21405557,78.54771329,25.53760211,8,foggy,4,3,17.05548242
17.30928096,78.54010695,17.28285087,78.38571227,6.301588268,6,rainy,3,22,40.43989801
17.35102518,78.37011362,17.41209295,78.57813713,28.73246456,3,clear,3,12,18.96481176
17.40711845,78.46200357,17.21880689,78.59097796,11.92361677,8,rainy,5,11,21.28815374
17.21179364,78.56402373,17.45180155,78.47137814,10.83797917,9,foggy,5,0,11.25698629
17.43982312,78.49526321,17.20114598,78.34290034,2.810508491,8,clear,3,20,46.14653361
17.38837012,78.45988734,17.27404716,78.41236447,15.09903597,4,clear,2,18,50.51821999
17.22452771,78.39730013,17.42227122,78.53931968,4.161394854,6,rainy,5,20,49.84240884
17.46207359,78.39990057,17.29488104,78.41021722,8.207654807,1,clear,1,19,16.37840757
17.47626172,78.50084609,17.23056772,78.32610517,10.19133603,4,clear,4,17,55.16505637
17.21832339,78.59824181,17.30807018,78.46703547,24.45596338,8,foggy,4,10,43.61394147
17.28306329,78.49855176,17.28111799,78.55353626,26.38917086,1,foggy,6,19,54.87643112
17.44186038,78.46733503,17.45281357,78.53877792,9.771523206,3,clear,1,2,32.35802523
17.42447791,78.51919515,17.29400438,78.35253694,25.90224552,1,clear,1,16,31.84774305
17.25535631,78.43956168,17.43667974,78.50182938,25.85969718,9,rainy,1,11,49.22682593
17.2628048,78.3180427,17.46756164,78.36615128,23.17487756,2,rainy,6,9,14.66489277
17.31114163,78.46868904,17.33014523,78.36546226,5.254158306,9,clear,1,7,36.04370183
17.3453569,78.58728759,17.47298294,78.56222153,21.01936256,4,foggy,0,14,51.81921178
17.38547643,78.35259088,17.31319542,78.37490069,28.40569787,2,clear,6,4,51.50962815
17.31067409,78.50700147,17.48922352,78.3789742,20.79367388,4,clear,4,3,57.80664282
17.33876041,78.36028011,17.22678686,78.30019602,10.61688862,10,foggy,0,20,44.91362968
17.42424128,78.46074831,17.40610578,78.56120071,15.51680021,6,foggy,6,19,20.38853147
17.21100496,78.32900293,17.34814421,78.53777844,19.72602626,7,rainy,3,18,11.01401574
17.27573108,78.43511128,17.31629464,78.48819868,15.80654185,3,rainy,3,20,33.97078993
17.41400488,78.526849,17.38981356,78.52507973,4.47863531,3,rainy,4,3,35.68519328
17.46856205,78.40427146,17.41115713,78.34561457,10.04985729,10,rainy,3,14,22.01312922
17.35350323,78.49947352,17.20130898,78.43749708,24.26948489,8,foggy,1,16,16.23487236
17.35963405,78.53863499,17.25008593,78.40536582,25.98112334,5,clear,6,11,39.31040831
17.2321516,78.57815335,17.41391382,78.32813296,4.981700949,4,rainy,0,2,48.2127837
17.33422371,78.37039262,17.39991562,78.44583915,28.61921582,7,rainy,1,9,59.65770518
17.35978518,78.41979477,17.48981425,78.5762219,10.53585592,7,foggy,3,14,47.91513086
17.27274115,78.3457248,17.42831134,78.31201774,20.20709842,9,foggy,5,9,49.68162071
17.28077297,78.59774505,17.48523181,78.38743827,22.80292923,9,clear,0,23,40.82304391
17.31318525,78.57810029,17.41076215,78.36226228,24.5464408,5,clear,1,22,59.29613295
17.20602136,78.46198714,17.28941566,78.371444,28.42674136,8,foggy,6,17,41.99781926
17.29662375,78.55260999,17.23160948,78.57253037,10.07466689,10,rainy,4,0,53.01266432
17.2634344,78.45628739,17.43454716,78.44042072,25.89668718,1,rainy,1,2,57.28923231
17.29824921,78.48707571,17.39324477,78.43988982,4.8189202,9,rainy,5,20,56.49292503
17.23592864,78.32673733,17.2144558,78.52817269,21.44618628,8,clear,3,11,29.07076719
17.46715818,78.52658113,17.30801514,78.34634766,22.51735416,6,rainy,0,0,13.93310292
17.37807774,78.33831405,17.48703994,78.44617961,20.65397399,3,rainy,4,2,18.59368513
17.4037307,78.54782029,17.35012034,78.42899556,8.317127348,3,foggy,0,2,12.96116527
17.43675137,78.53460843,17.32981874,78.47907321,26.31825126,8,rainy,4,4,15.26984674
17.34953266,78.51262341,17.33730988,78.59986731,5.896895438,5,foggy,6,18,19.23256229
17.22607609,78.31084811,17.26266482,78.53083467,2.555408954,10,rainy,0,0,27.05471583
17.36113196,78.39093851,17.31061215,78.41935971,21.80648473,7,clear,3,3,37.17698233
17.37605234,78.37893377,17.31094398,78.54826592,14.78879574,5,rainy,6,3,45.58410297
17.42363184,78.40804092,17.21570651,78.35121251,25.62384258,8,rainy,6,16,20.54636681
17.32949786,78.32629282,17.43027029,78.30913911,12.11851709,10,foggy,4,13,43.62612021
17.23827409,78.58108735,17.32495133,78.36133451,5.880079067,10,foggy,2,17,45.21295373
17.28513277,78.46614067,17.44665397,78.40212347,25.25682358,4,foggy,0,0,37.93111684
17.30892469,78.39165729,17.4551044,78.45317423,16.91837932,2,rainy,0,21,55.18089349
17.39377517,78.41909446,17.26359822,78.48453874,6.486677979,3,rainy,1,15,15.5497407
17.37123349,78.43416076,17.39720604,78.57318172,21.89113596,8,clear,4,2,18.85607288
17.30682902,78.4801783,17.34168454,78.4529562,15.82229552,7,rainy,5,22,31.43324122
17.49595457,78.45470383,17.46404702,78.45038269,18.52507648,2,clear,2,20,16.33563676
17.38173245,78.57581759,17.2647222,78.3150729,14.36605181,6,foggy,3,8,38.31480719
17.27116804,78.44908904,17.40334396,78.31047347,25.03256053,9,foggy,1,22,29.92002333
17.23053474,78.5976474,17.38232564,78.46534799,25.05731875,4,foggy,2,3,24.22978973
17.24585774,78.55542749,17.28859044,78.43145358,21.57227583,9,clear,4,20,18.49949065
17.27378732,78.36255315,17.24098027,78.55175412,4.056639944,2,rainy,2,4,26.76691192
17.24820441,78.57917856,17.39549193,78.34820388,25.326762,2,foggy,6,10,40.39796754
17.25597011,78.33490992,17.42157924,78.3074915,20.45937644,9,rainy,0,20,38.78926054
17.28552855,78.54523491,17.2946882,78.43471163,21.21370081,7,rainy,6,8,18.18120001
17.25201208,78.41418699,17.39344978,78.37124357,11.52650237,7,foggy,0,2,16.24599054
17.46902963,78.5633923,17.31853927,78.31488431,26.49910713,1,clear,1,5,11.33383813
17.22407012,78.56041701,17.41396206,78.51737949,22.03577641,6,rainy,4,23,10.62127969
17.35735342,78.54177762,17.25976458,78.3334779,4.265123529,7,foggy,4,10,53.99052179
17.32311905,78.53700913,17.4670645,78.48249585,12.825563,6,rainy,2,8,12.2544428
17.49471359,78.39140374,17.28622288,78.38431493,26.7050305,6,rainy,1,14,46.56105549
17.23361167,78.32427578,17.3103358,78.35204882,2.368704349,2,rainy,4,22,53.59925481
17.31935668,78.42089405,17.21742759,78.41392546,28.88108197,6,rainy,5,2,14.90289243
17.49084113,78.35205735,17.23345366,78.54043373,20.69571448,4,rainy,5,0,31.81507119
17.45965214,78.50848533,17.35475857,78.41762807,19.30990335,9,clear,6,19,58.11514916
17.44512162,78.40382992,17.2802778,78.52523089,8.846218438,1,clear,0,21,51.70693303
17.27737085,78.59268306,17.45064407,78.33764589,8.214961873,8,foggy,2,18,34.48520159
17.25126628,78.49229162,17.20440802,78.53183143,28.31968837,5,clear,3,13,48.12855564
17.40059297,78.54674417,17.31372821,78.37108,9.649901173,1,clear,0,16,51.66888122
17.4788128,78.3397574,17.30120366,78.50321794,23.4896536,4,clear,1,21,27.40134816
17.36702887,78.55860434,17.20579829,78.46973447,12.40053215,1,rainy,4,13,54.60764584
17.37148381,78.57682716,17.23731052,78.57874342,5.038368053,6,rainy,0,16,33.52366598
17.28399373,78.44611858,17.3240928,78.41619676,1.310743633,2,foggy,3,13,36.39036818
17.43084788,78.48187588,17.34785938,78.31984956,16.78346277,5,foggy,3,11,59.98538189
17.25611312,78.52944294,17.32128692,78.30574665,29.29758574,7,foggy,5,15,52.16514831
17.29710377,78.35245159,17.3592813,78.54805757,11.70494962,2,rainy,1,0,28.08850029
17.32763093,78.45076982,17.3785395,78.45742069,11.35857769,6,clear,0,12,10.51727982
17.35228311,78.41959891,17.20297715,78.53257322,10.97865692,6,clear,2,5,41.30870369
17.27272292,78.3439122,17.33922855,78.37032768,16.09577128,5,rainy,0,16,45.19567131
17.23445105,78.41026033,17.48904977,78.40352512,13.77928162,5,foggy,5,11,42.54013451
17.38318601,78.32045169,17.35570968,78.30903116,26.51752418,3,foggy,6,22,58.39311756
17.28658917,78.30774357,17.40326268,78.5884477,15.66010296,10,foggy,3,18,53.14855137
17.37437147,78.34054989,17.29355916,78.50036037,15.72497731,10,rainy,1,5,32.44158466
17.24630881,78.58893453,17.43219741,78.57996153,5.012776247,2,foggy,1,6,13.14287437
17.34434203,78.46485886,17.43187644,78.37964892,29.49944669,7,foggy,2,0,33.80293848
17.35977683,78.58974665,17.35638881,78.48343908,8.249213835,1,rainy,1,0,44.462201
17.21554706,78.42974936,17.49280415,78.50354999,3.127557956,6,clear,5,4,40.38549041
17.30098128,78.39354484,17.23766506,78.39526491,20.23124122,6,rainy,5,5,36.90685339
17.2403244,78.45184256,17.2050843,78.55443277,18.26562473,3,rainy,5,15,33.4409479
17.21901249,78.43185351,17.43104746,78.58414844,13.03922397,2,rainy,1,15,24.68809365
17.49698807,78.33169941,17.44214666,78.56545654,13.24357478,2,rainy,1,13,23.86733809
17.29670615,78.49224789,17.23606217,78.52172009,23.76685371,9,clear,5,0,35.01157395
17.44296233,78.36481145,17.27967485,78.3832394,6.675666563,5,foggy,1,12,18.03015732
17.2763922,78.48587639,17.20526571,78.38448481,24.78734625,7,rainy,1,19,27.03427118
17.40445082,78.49506033,17.28799258,78.5890081,19.8136663,5,clear,3,9,26.19896374
17.42806836,78.34560746,17.43194256,78.30308535,13.15012344,7,foggy,0,23,39.35664008
17.37869162,78.31840489,17.35538816,78.51481499,14.28282988,4,foggy,4,9,13.33411502
17.34147286,78.53422848,17.30442868,78.51187385,8.442769008,8,foggy,1,8,51.48343401
17.32355227,78.43794013,17.31152179,78.48680686,22.81131565,10,rainy,4,12,38.11891902
17.30466048,78.31744914,17.20040609,78.59703265,15.87336753,10,rainy,6,2,43.54133404
17.47885874,78.5984599,17.28994016,78.39356383,10.30478174,7,foggy,4,17,45.15469519
17.44918582,78.31733417,17.39393762,78.40199156,18.28545336,10,foggy,3,19,24.57420684
17.48950807,78.50851057,17.49225833,78.32368182,29.87629911,5,foggy,1,1,33.51857837
17.23728917,78.59510368,17.45411825,78.43283944,13.62260611,6,foggy,5,16,57.81229779
17.41926024,78.37175403,17.20707849,78.37831456,27.70005062,5,foggy,4,18,48.3352619
17.48150214,78.34267481,17.46956818,78.40301601,11.00548836,7,foggy,1,22,58.47784376
17.25436992,78.33641548,17.43495952,78.55037154,2.587248501,2,clear,2,12,47.31271726
17.21994888,78.39098254,17.43411284,78.58064535,6.923021085,5,foggy,6,12,18.78000699
17.42233619,78.33031374,17.33739873,78.35571992,13.14215916,10,rainy,5,0,13.22679419
17.37234193,78.5076484,17.31940159,78.41175268,7.369412929,3,rainy,2,1,38.88307184
17.45254863,78.31868754,17.29087472,78.57858917,1.006584108,9,rainy,2,0,27.89066399
17.24193171,78.45282664,17.21970846,78.31854254,27.53504459,6,foggy,4,23,23.77289551
17.43858019,78.59900906,17.26847061,78.32770816,25.47250293,10,rainy,2,4,50.36054982
17.2604882,78.54419108,17.27398109,78.3488373,22.52647471,3,clear,3,23,28.34966335
17.24909678,78.48456583,17.34522312,78.47856385,5.866623274,7,foggy,3,2,25.85004849
17.24927974,78.39187609,17.42423332,78.34514168,4.49054371,4,rainy,4,6,52.49937966
17.44437242,78.48716875,17.34214295,78.59042291,2.960537735,3,clear,1,23,52.31436682
17.39955917,78.45811244,17.21735333,78.43401436,21.99684647,8,clear,0,21,27.81833189
17.35691963,78.42782502,17.48733694,78.45045539,27.93543086,4,rainy,1,12,51.62493505
17.30764915,78.33921311,17.4828173,78.37399758,13.48553881,1,clear,1,22,52.53892452
17.46316016,78.56598126,17.43555686,78.44128808,4.455079488,6,rainy,1,17,31.19652675
17.31773353,78.43493539,17.49739837,78.49857409,15.8593918,10,clear,1,23,13.32365651
17.44497983,78.35838675,17.3633447,78.52535314,11.11612532,1,foggy,5,20,10.07923222
17.33174047,78.41032781,17.48883051,78.52616042,11.86992281,5,foggy,0,6,36.16462314
17.31308333,78.42423893,17.22268151,78.47336733,19.0185881,7,foggy,5,0,27.20377467
17.33880394,78.54826137,17.30970422,78.57130793,21.84282528,6,foggy,2,4,59.85659471
17.29041336,78.52008431,17.26761438,78.54522235,4.207504367,2,foggy,6,16,48.62054998
17.42428281,78.53079147,17.25874993,78.52711443,2.032116693,4,rainy,1,7,48.06377282
17.35081612,78.30330938,17.24224088,78.31668166,29.83557878,2,foggy,6,14,57.76213841
17.26966381,78.4248462,17.38672409,78.30206339,7.749122119,1,foggy,3,19,54.38621989
17.46987237,78.44440325,17.43439656,78.36373418,2.561085222,3,foggy,4,3,25.90937397
17.31516737,78.30575768,17.37348952,78.49905708,6.506384544,3,foggy,4,1,18.29936108
17.36306586,78.37794396,17.24408881,78.42335925,2.129777544,7,clear,5,4,47.29461325
17.47194163,78.52808695,17.44333713,78.42072188,12.36251594,1,foggy,5,0,28.91369468
17.3872714,78.34113291,17.39078641,78.56537607,24.26965175,9,foggy,3,4,33.65863258
17.23506941,78.46059304,17.31644971,78.56866885,10.89608904,6,rainy,1,5,41.51988656
17.48194964,78.36456056,17.40223909,78.57275258,13.8813188,4,clear,6,1,55.39363385
17.38831242,78.30363623,17.27797149,78.39416342,20.59201643,3,rainy,6,0,30.95438768
17.30047168,78.37236044,17.30355766,78.50731674,15.75792803,3,foggy,0,3,49.16584451
17.24178162,78.59276213,17.47524575,78.38148995,25.98192489,2,rainy,2,6,23.41698956
17.43820756,78.54046113,17.28715135,78.35718295,26.11503458,2,rainy,4,21,44.89858955
17.38602183,78.58787299,17.34099648,78.35538974,1.287410169,10,foggy,2,0,10.07897105
17.36003833,78.44635621,17.46704234,78.40263229,23.56334289,5,clear,0,0,53.57536067
17.46816777,78.33292086,17.41231641,78.42898729,14.36127441,9,clear,5,7,11.518979
17.43657916,78.46438785,17.21866097,78.54928475,29.6763757,2,rainy,6,19,45.63768774
17.24550246,78.4363132,17.24419091,78.33596733,15.0137302,2,foggy,4,15,12.31290946
17.29351662,78.55330712,17.20235248,78.52047775,29.61998242,6,rainy,2,20,23.31228497
17.27454674,78.32942477,17.38927654,78.45943647,22.88251147,10,rainy,5,12,34.86012018
17.42318389,78.44647234,17.33430203,78.3863836,8.209541654,2,rainy,0,22,30.99693427
17.21005973,78.3450146,17.24028246,78.44784588,16.6134544,4,foggy,2,23,19.59180573
17.37096691,78.39740278,17.48738024,78.38998262,29.77193354,6,foggy,6,22,26.69074559
17.42873761,78.52120712,17.35889792,78.47882459,25.86838762,5,clear,1,17,46.3853185
17.46302969,78.44280544,17.27256799,78.43015318,3.82363992,1,foggy,5,19,43.46285463
17.30262452,78.41276649,17.35018107,78.34932166,21.48478791,6,rainy,0,9,13.59072919
17.44637719,78.41834288,17.4038861,78.33497492,11.02180799,1,rainy,2,11,47.36579128
17.23318952,78.43783403,17.22287177,78.4640087,1.202485595,3,clear,6,0,12.65229406
17.45393569,78.53550496,17.28241114,78.57072391,12.7009481,10,foggy,1,9,37.14631945
17.2382466,78.56762541,17.44208965,78.40318731,7.80787823,5,rainy,1,8,23.0031374
17.31918619,78.58660041,17.33789946,78.51990003,24.74720885,10,clear,0,2,39.38450638
17.43918861,78.53607102,17.36397314,78.49759841,10.78258766,5,clear,3,18,23.0664198
17.24497523,78.39462207,17.3298448,78.57946647,24.99818712,10,rainy,6,8,59.24789848
17.26877542,78.50644041,17.21316998,78.54629431,1.017340226,6,rainy,6,9,25.48640919
17.41667577,78.43128094,17.24972493,78.46998158,9.926755351,10,foggy,4,18,22.09803178
17.41601096,78.37640119,17.33366249,78.49710915,7.993791215,8,clear,0,15,23.92326455
17.39234429,78.55226147,17.26275564,78.56951594,7.773453471,5,rainy,1,23,54.82364286
17.40818453,78.3115279,17.21499371,78.41985564,2.977411973,1,clear,1,17,41.81094143
17.36281733,78.5705286,17.4530949,78.39803841,6.426603842,5,foggy,0,13,46.53420487
17.27553972,78.43844324,17.49435776,78.30324333,17.11093753,3,rainy,3,2,55.9005255
17.3037088,78.49116044,17.43794286,78.54796532,9.449471112,4,foggy,4,1,55.59362424
17.25447932,78.49780618,17.45613548,78.54029421,13.10444869,8,clear,2,0,46.94729233
17.47253517,78.56853532,17.27259314,78.33133636,11.92913953,7,foggy,0,17,19.89122144
17.37501754,78.4910009,17.48818809,78.47305721,26.40124282,5,foggy,4,23,52.16866603
17.32025543,78.48418008,17.25907771,78.43919451,27.25367097,2,clear,6,8,20.18880171
17.33860174,78.31999561,17.48542894,78.33561273,15.29575218,6,foggy,4,12,47.1449407
17.484185,78.45552241,17.49844579,78.59417047,10.57452256,6,clear,5,1,44.28015333
17.24600542,78.3450507,17.41351684,78.36440877,4.097220416,10,rainy,1,6,47.94444251
17.37586895,78.52123013,17.49434312,78.32017025,28.6486835,10,clear,2,15,36.63428404
17.3517666,78.45366658,17.37086193,78.47845421,2.746581402,6,clear,0,20,41.93630911
17.38343627,78.50406833,17.27786253,78.52166,9.631858049,9,rainy,1,18,57.66600402
17.20543306,78.31250187,17.33109877,78.30973303,9.643919834,8,clear,5,14,15.05442971
17.46163717,78.3254376,17.37806828,78.49761529,10.2916373,8,rainy,5,21,25.44236374
17.47963548,78.51489702,17.22192447,78.45968756,5.764318455,1,rainy,1,10,40.56785065
17.36953996,78.3216253,17.38670298,78.3309795,23.7116815,5,clear,3,0,58.20270651
17.40899525,78.32137702,17.49435335,78.35175716,4.552437997,7,foggy,4,20,14.77872238
17.47674981,78.30363254,17.25703229,78.47039229,19.41229312,6,foggy,0,6,11.12746108
17.41217159,78.58695042,17.43777853,78.38890728,4.591534774,5,rainy,0,19,12.78747992
17.24576171,78.52125251,17.47236964,78.58149472,3.04553349,8,foggy,0,7,12.62028432
17.37288651,78.40597542,17.48311048,78.54562207,27.37345561,3,foggy,1,9,55.39079289
17.38201451,78.38896067,17.48804068,78.59507016,6.513734223,6,clear,6,4,46.0628954
17.3272392,78.40491097,17.35643789,78.37790125,24.81625448,5,rainy,3,8,43.85531831
17.42093327,78.53239606,17.49319237,78.59091709,16.79429526,8,rainy,2,0,36.12864101
17.4803101,78.49841118,17.42719306,78.42937016,3.257839069,4,clear,5,1,49.09763085
17.47767055,78.35555867,17.24850143,78.40425564,28.70799755,8,foggy,1,18,17.78239964
17.33525181,78.3522328,17.34307003,78.31510486,8.161873843,10,rainy,6,13,29.59705949
17.23397141,78.32951869,17.41549935,78.31582958,25.92971502,2,foggy,2,19,34.50021254
17.49545236,78.49809082,17.27420209,78.50760338,5.895490168,9,rainy,5,9,15.52047488
17.45166943,78.5293118,17.39218456,78.4373787,25.76434358,9,rainy,5,8,30.97568547
17.2373988,78.37951393,17.39998014,78.36795649,1.383635574,10,rainy,3,9,25.82508896
17.47625256,78.30628349,17.24880992,78.48419109,15.84163324,10,rainy,4,5,11.77910729
17.46096891,78.3246515,17.36952559,78.37585744,23.3138348,6,foggy,0,16,16.83677014
17.35565142,78.59035801,17.43148807,78.47328953,28.10907001,4,foggy,2,5,48.20184116
17.37738263,78.38863343,17.3496687,78.40776262,27.36686195,4,foggy,1,3,10.90189548
17.31970081,78.53076694,17.20363094,78.54706567,24.76912122,6,foggy,2,19,56.71266495
17.21642849,78.48739907,17.20271154,78.54620885,26.75754914,5,clear,4,2,14.32123162
17.30055917,78.41458189,17.3071088,78.44320512,6.777370889,6,rainy,0,22,49.96190471
17.44085603,78.36170618,17.47785822,78.40524573,9.241344576,7,rainy,2,18,54.93082705
17.20138961,78.33641593,17.26860303,78.40876794,9.380087223,7,rainy,4,17,57.05677924
17.30004975,78.48450389,17.39030911,78.54171436,11.934564,9,clear,1,23,53.37385117
17.31945061,78.53239013,17.26662276,78.39845384,12.40629944,8,foggy,3,3,24.37750197
17.36121868,78.49317128,17.296501,78.36271781,16.79210441,6,rainy,6,7,26.65435657
17.47595668,78.45909064,17.45441263,78.3254065,5.636513138,6,foggy,5,16,31.32728493
17.3039038,78.31258537,17.41865843,78.44000794,21.04615325,5,foggy,1,4,16.96483447
17.30408596,78.59054663,17.22861978,78.44463963,5.85942964,1,clear,0,12,11.11362275
17.42125037,78.53961426,17.32861061,78.55227261,9.998945981,9,clear,5,0,53.45608071
17.33566538,78.38784661,17.20875093,78.36637161,15.59700879,9,foggy,6,12,37.70643581
17.26738145,78.5939911,17.34426704,78.41429738,24.09677628,9,rainy,1,3,40.43614711
17.33573185,78.48056448,17.3987302,78.54252172,22.44460776,8,rainy,1,21,56.34942374
17.24225711,78.4747268,17.23555079,78.54708708,19.72049634,10,clear,1,23,43.25600891
17.2529161,78.52442195,17.28666548,78.41538332,5.517424557,3,clear,1,13,44.54267522
17.34951033,78.54353094,17.31935099,78.43773721,16.86431502,1,clear,5,2,49.34843242
17.32567763,78.49694358,17.47585931,78.39098577,3.535948552,8,clear,0,4,15.81742249
17.47445377,78.33842872,17.4979765,78.57976646,11.94353213,7,clear,6,6,28.00810766
17.30871817,78.40148025,17.21347339,78.33559313,12.99197938,5,clear,4,0,58.41039639
17.37417651,78.57842509,17.42830238,78.58012483,2.154531744,10,clear,2,22,56.14650391
17.38967929,78.36738468,17.31151722,78.50515994,8.945654885,7,rainy,3,11,54.20376482
17.20392834,78.41165011,17.31773746,78.45947165,28.71383455,10,clear,6,10,32.60442552
17.39906121,78.42962306,17.42627949,78.30979772,28.65534563,4,clear,2,23,52.85964768
17.25341079,78.4318215,17.47552793,78.44267886,11.21748457,9,rainy,2,7,12.4197941
17.4883211,78.48388187,17.48527858,78.42232443,2.24990316,10,rainy,3,5,17.42587121
17.24459882,78.58292275,17.37313678,78.34836564,6.193753241,2,foggy,6,21,30.69838492
17.32438724,78.37220781,17.30713635,78.49692288,12.37431601,9,clear,5,1,34.16960333
17.2256049,78.33645041,17.43626473,78.59134527,28.48561124,9,clear,0,18,23.17535768
17.49906228,78.35924115,17.27530041,78.46865664,5.094772843,5,clear,3,19,27.82383354
17.3506585,78.56607747,17.36922221,78.51442598,23.14195947,1,clear,0,19,18.13880505
17.37861551,78.49374324,17.30757354,78.32053514,4.151793642,7,foggy,5,23,34.45670159
17.22012294,78.38577204,17.39698932,78.4253001,29.45646974,10,rainy,2,13,49.69216464
17.42498814,78.54478408,17.27211967,78.33490755,12.06687847,10,rainy,0,0,43.06801968
17.26297168,78.558411,17.25747788,78.48383875,23.48180163,4,clear,5,9,15.38961237
17.46941629,78.5539543,17.47547173,78.58154465,10.9351414,9,clear,5,15,34.37908017
17.26154189,78.57567796,17.2305411,78.49853332,19.20239744,6,clear,4,3,44.88231914
17.25720632,78.37567231,17.35178737,78.32304091,6.568466457,3,foggy,3,10,36.49476483
17.2109649,78.52651258,17.26625583,78.40639986,5.23460956,6,foggy,4,15,29.58377983
17.34162008,78.43816185,17.21167899,78.46519901,28.20386005,10,rainy,2,19,41.09572106
17.36945234,78.55259957,17.21080565,78.42096233,27.61177106,6,clear,3,0,58.43193327
17.21971259,78.5185472,17.25256653,78.5500932,26.73659927,5,clear,2,15,14.74539549
17.43265829,78.53293423,17.46003111,78.5444013,19.13757005,2,clear,4,18,29.50080304
17.33598665,78.49684855,17.28474362,78.48354931,24.43977813,10,clear,6,20,30.33029265
17.35731708,78.35322863,17.48513775,78.41203738,3.00207117,10,foggy,5,21,38.84836552
17.33222882,78.46350808,17.37448669,78.37660091,10.70888221,2,rainy,2,8,17.60873009
17.32022892,78.59540092,17.33098426,78.3317623,10.09739062,7,rainy,3,8,18.83215149
17.3678921,78.58121642,17.37402665,78.40646931,19.43371434,2,foggy,3,8,24.2680693
17.24657207,78.31295212,17.35500952,78.42395176,11.32277543,6,clear,2,16,57.79350216
17.25457844,78.34944444,17.42763288,78.50274688,5.306696668,5,rainy,3,11,46.70542906
17.45853569,78.33951863,17.28474882,78.49744795,18.29754519,4,rainy,5,12,43.08466508
17.48383464,78.51779397,17.30591512,78.32103244,24.6171337,7,foggy,6,7,50.84788437
17.31199279,78.5453356,17.46822829,78.41857779,12.08158134,8,clear,5,15,16.37882345
17.2812234,78.36405341,17.48393695,78.35453366,4.835792738,4,rainy,3,17,52.96664099
17.39319986,78.45175581,17.46776747,78.34704381,6.703957722,1,clear,2,0,39.74163569
17.32262025,78.55221091,17.3258344,78.54819064,7.88701585,1,rainy,4,0,26.76645037
17.20761591,78.51984046,17.43410965,78.31257457,9.697030197,1,foggy,3,11,50.79276279
17.24684578,78.46267116,17.34290072,78.42575486,19.64105704,1,clear,3,5,50.12822672
17.41479167,78.47710431,17.34926196,78.3504611,18.42741905,5,foggy,3,8,52.28542909
17.39767718,78.45250816,17.26140403,78.56379906,21.18631599,4,rainy,3,22,15.77589501
17.2081288,78.38926454,17.37733909,78.46711215,11.51255755,9,foggy,2,4,58.46806225
17.26659165,78.4695066,17.25584077,78.36941419,24.8959319,3,foggy,4,15,57.98130769
17.26932244,78.50666559,17.29946941,78.45072819,6.918542174,7,foggy,4,17,27.87348228
17.40156782,78.56199687,17.45650906,78.51944591,14.60218168,8,rainy,0,16,13.29470091
17.20591316,78.49088741,17.26212274,78.5874354,24.22722292,6,clear,3,17,18.35278347
17.23123257,78.52833646,17.22134749,78.3661338,6.224600784,10,foggy,3,0,59.64154127
17.43997483,78.34802149,17.22070228,78.56585453,4.186030298,1,clear,0,18,38.15064716
17.2535634,78.43846724,17.48223536,78.58029123,26.62683506,8,rainy,4,21,27.83108994
17.39582383,78.30279949,17.35207613,78.57492616,10.94496022,10,clear,1,7,24.41013469
17.27145483,78.37400366,17.32282362,78.49062431,20.83223362,3,foggy,5,2,22.84958677
17.22983242,78.51793851,17.44326357,78.4889462,1.735109524,8,foggy,1,4,43.20763825
17.27295166,78.59754299,17.45074778,78.42096319,21.01135976,4,foggy,4,22,30.96939158
17.41668008,78.32975343,17.29965731,78.52571936,10.16693803,8,foggy,6,7,58.27053497
17.45670894,78.42044829,17.40808542,78.45938821,2.616484754,1,foggy,3,18,44.19215153
17.44906596,78.54002129,17.43133684,78.50323142,18.68457008,3,foggy,1,17,49.60222955
17.31915506,78.36121069,17.39639521,78.42853737,7.983310666,6,rainy,2,17,24.63707743
17.40042554,78.46652548,17.24547852,78.51944894,12.21741002,9,rainy,2,20,13.95932046
17.26149529,78.51992139,17.46276493,78.54734146,3.336843556,2,rainy,0,0,34.39114187
17.28794432,78.48479564,17.36172837,78.34393088,5.267734282,1,clear,4,14,25.72907733
17.46890075,78.35640742,17.28474173,78.54987891,9.641339829,10,clear,4,17,20.10415825
17.20390058,78.40661537,17.32756846,78.46208896,3.603025516,3,rainy,1,6,57.63210654
17.22565256,78.53513754,17.21127133,78.55339977,27.41396168,4,clear,3,15,32.19941072
17.26236588,78.46626795,17.23836004,78.42939051,1.175364252,5,clear,4,15,18.7354296
17.20795966,78.30156888,17.42966403,78.41371215,15.03194635,3,foggy,1,14,19.93253263
17.25443063,78.52829723,17.20000349,78.57451822,4.574176286,10,foggy,1,5,24.03548712
17.37491247,78.31059341,17.32496975,78.37535078,9.922693595,2,clear,5,8,59.96581341
17.32642737,78.52372013,17.35675305,78.5532637,27.85572723,2,clear,5,6,23.40057503
17.46780151,78.36074417,17.21639033,78.44520617,5.689142045,7,rainy,4,13,26.44009023
17.44523307,78.58742204,17.49192345,78.45422863,29.00913727,9,clear,1,10,42.9664064
17.30254521,78.41038223,17.2678376,78.39254048,6.968036933,10,foggy,0,20,24.69806882
17.27782703,78.39807948,17.29125962,78.47191266,22.50541715,2,clear,0,15,20.79021255
17.31390772,78.34466642,17.29118275,78.39756336,16.85364068,7,rainy,5,5,17.93185933
17.37708848,78.39168126,17.269125,78.31178082,26.6498831,7,foggy,4,21,25.63413325
17.28041909,78.56299523,17.20044215,78.38159958,17.06580441,7,foggy,3,15,15.29578448
17.38724467,78.5989003,17.41880344,78.30191371,16.50221736,3,foggy,6,19,10.93232932
17.3228235,78.41049286,17.49005365,78.59350644,6.668282011,7,foggy,0,15,50.23208487
17.36561415,78.43458319,17.26728804,78.58972416,5.820651499,1,clear,0,11,16.89474712
17.33083796,78.51662128,17.39891416,78.41854659,27.57818538,10,rainy,5,16,48.79884249
17.28833973,78.56585873,17.4225689,78.51851126,10.50730777,1,clear,5,4,49.87712395
17.48453599,78.4779133,17.45452761,78.40374183,11.79038539,5,clear,4,12,36.89597632
17.42908174,78.41745771,17.32678876,78.50132795,23.03488609,2,foggy,5,7,25.48409792
17.24203395,78.42378655,17.29087927,78.54162901,10.82588099,9,rainy,2,23,17.25163669
17.46054039,78.50868544,17.29758854,78.58402687,28.60981095,7,foggy,6,4,46.84025534
17.34622936,78.30096548,17.4137864,78.42006368,22.3999053,4,clear,1,11,40.0693493
17.46836567,78.4858768,17.44503384,78.53498939,18.32544803,4,clear,0,8,42.77267282
17.43995658,78.4066479,17.25448419,78.37977854,26.54595966,2,foggy,2,2,10.43345449
17.32756405,78.5382592,17.3112823,78.59709969,2.438571342,5,clear,3,2,56.37585079
17.20674079,78.32789719,17.47058206,78.30773088,8.454818073,4,clear,2,0,13.31450937
17.28060321,78.47646068,17.44200806,78.48105864,14.48605369,1,foggy,4,21,28.34029426
17.36249026,78.44429187,17.49545752,78.49785179,7.582377645,8,clear,3,17,30.13558248
17.39004347,78.49269766,17.42627448,78.50641367,22.57325043,3,rainy,3,23,10.06777622
17.27736631,78.31945608,17.31795856,78.33611627,27.6570329,6,foggy,5,11,34.85446547
17.24180682,78.47399514,17.37719135,78.58155894,13.28933348,4,rainy,2,8,47.64044973
17.45047907,78.46844538,17.39830428,78.35435498,10.9218454,9,clear,4,8,51.16343266
17.49532065,78.46819803,17.22353674,78.48682602,28.88497123,7,clear,0,17,53.96984967
17.35770705,78.4810463,17.36334909,78.36680282,13.90072055,9,foggy,6,17,34.38594342
17.25150379,78.50294038,17.41279625,78.39216493,15.18240361,10,clear,5,6,41.53180953
17.2816922,78.5414967,17.25019639,78.46393756,11.1978463,3,foggy,2,3,13.97598566
17.2055172,78.38094622,17.43418952,78.42515803,27.37690572,1,foggy,0,12,34.40191121
17.47428964,78.54751482,17.37513183,78.34806768,17.49970902,5,foggy,2,16,17.74078774
17.23532532,78.4494767,17.48566654,78.35128092,23.10306303,3,foggy,5,23,28.48215588
17.37295494,78.32311748,17.21272669,78.42544344,24.54239483,6,foggy,0,1,26.46526564
17.28221657,78.31756528,17.27959784,78.52718489,10.91362222,8,rainy,5,13,31.17702886
17.3662534,78.4002715,17.38046616,78.56938939,13.57713561,4,foggy,2,2,38.5818309
17.39542612,78.53546909,17.28896797,78.3252383,25.60568146,5,rainy,3,4,55.14383235
17.44892254,78.51230428,17.41432725,78.41793117,11.5344052,5,clear,6,13,29.72423157
17.26192638,78.53658449,17.42770158,78.33007367,24.02411887,4,foggy,1,2,59.05655979
17.20329875,78.45518072,17.23075479,78.30497774,28.28877735,4,clear,6,22,47.9514024
17.24106569,78.4320597,17.35415634,78.4985156,19.07310082,4,foggy,3,6,35.57405234
17.47000559,78.34423576,17.35266717,78.48073483,22.50719134,4,rainy,5,17,42.20132186
17.46216702,78.39845783,17.31078423,78.34890573,24.34782205,4,rainy,6,12,15.11120856
17.37922393,78.43020581,17.47987746,78.37014385,25.50614982,5,rainy,5,22,52.22607657
17.38015506,78.32658013,17.4482519,78.30711233,12.4565468,2,clear,5,21,39.11787275
17.399511,78.36618359,17.40916281,78.55048416,2.486640316,2,foggy,0,9,59.30337401
17.25261138,78.47946759,17.41429799,78.59240718,12.65441187,9,clear,4,12,41.82143719
17.47432358,78.52069893,17.33851484,78.34063786,20.53893066,2,rainy,5,15,51.70557916
17.32563116,78.59950425,17.47629836,78.36944256,14.06016119,6,clear,6,8,49.98813714
17.31494156,78.579934,17.40837863,78.56052286,22.71993137,2,rainy,6,1,27.27305757
17.35567531,78.49276956,17.41869432,78.57793914,11.35249045,5,rainy,6,22,22.98053126
17.21408979,78.42637442,17.45850727,78.42588821,19.40758009,4,rainy,3,4,31.52467917
17.24988501,78.49085321,17.28222148,78.31518674,6.406174341,7,foggy,1,21,33.36206722
17.42141008,78.53569549,17.44212127,78.31181755,22.73171366,7,foggy,5,16,22.0042351
17.2248396,78.33550086,17.25857218,78.47218496,16.8251831,6,rainy,5,22,54.72989367
17.38094563,78.42297147,17.30360259,78.41786853,6.917867268,10,clear,5,21,37.12739312
17.27360473,78.55194069,17.30068314,78.30859573,9.465424031,5,clear,0,3,58.92221961
17.31678868,78.41514989,17.49355764,78.47497572,22.70965255,1,foggy,5,16,50.5008889
17.28660812,78.47156168,17.45696117,78.30339076,14.99543583,3,rainy,3,8,37.78524302
17.30670181,78.47633081,17.41035096,78.53621159,7.264911771,9,clear,2,19,57.35201391
17.41571377,78.35534288,17.41811703,78.39192985,29.05086452,1,rainy,4,1,35.24374075
17.28913651,78.40867063,17.36862184,78.3120774,21.73862557,5,clear,6,23,54.35532563
17.36992139,78.40035339,17.4841272,78.47650567,28.75691014,2,foggy,5,17,27.90723906
17.34281512,78.30785901,17.34887763,78.41930532,13.38604632,4,rainy,0,20,28.93211917
17.39910135,78.30725753,17.31415531,78.59214012,14.77790988,1,rainy,3,21,30.90653415
17.48104892,78.54950911,17.2489106,78.4632596,27.04070127,3,clear,5,10,37.3312823
17.41977163,78.38192124,17.4358617,78.38257175,16.22643087,10,clear,0,12,37.67451351
17.26448211,78.45542363,17.42033318,78.51283166,21.51108845,7,clear,2,7,34.81994608
17.20935494,78.38961767,17.31530651,78.3814476,8.313013447,10,rainy,1,0,25.30004868
17.27867921,78.58220377,17.20755802,78.57127299,13.95506759,3,foggy,5,16,56.36032324
17.37852338,78.37778903,17.4516992,78.41241659,4.580046109,4,foggy,3,11,39.42930487
17.21542774,78.42889704,17.2034254,78.46496057,6.97342104,2,clear,0,3,30.38696081
17.34890987,78.56181908,17.41110993,78.31517193,1.027359043,3,foggy,0,20,42.55884804
17.37905285,78.55258007,17.49107713,78.42783637,2.138686498,9,clear,5,12,48.39833789
17.30027317,78.35583043,17.3312984,78.54970906,29.34123087,3,foggy,0,8,58.03640441
17.43127366,78.54079299,17.27049202,78.54169464,8.028257159,5,rainy,1,6,34.97745811
17.23197948,78.43745607,17.4114613,78.36729557,20.23601058,2,clear,0,22,15.60492552
17.22254133,78.44489066,17.44513844,78.36782372,25.33389127,4,foggy,6,23,32.03829007
17.41845663,78.34004399,17.36392909,78.54519159,16.96915332,7,rainy,4,4,33.94852807
17.34864739,78.32418045,17.49011058,78.57911953,5.441190502,7,foggy,6,4,54.84970391
17.40652072,78.51838179,17.21550062,78.32860828,22.11537668,3,rainy,4,16,29.74003842
17.3304482,78.44893835,17.35143868,78.43501759,18.40729089,5,rainy,0,8,57.66621324
17.27392061,78.43105521,17.41553618,78.40123628,22.20626709,1,foggy,5,5,34.25659539
17.4457307,78.51885247,17.45879214,78.56120654,23.32265206,10,foggy,4,18,58.68902505
17.43982476,78.52965387,17.25377668,78.32505747,29.28690066,10,rainy,3,15,10.40991606
17.40840894,78.34767245,17.44000104,78.36333778,17.63333512,10,rainy,4,20,54.94076874
17.28164354,78.48306754,17.36581212,78.5257405,10.90759227,1,rainy,6,1,56.5560226
17.3770692,78.34060622,17.3189661,78.31538815,19.80547215,5,clear,0,9,58.05104679
17.30829217,78.52541253,17.23951451,78.44776061,2.984780568,10,rainy,5,15,10.65382671
17.22747462,78.49708655,17.45958873,78.43263211,27.02452223,9,clear,2,4,18.58504183
17.47519407,78.58698439,17.24718196,78.40032035,4.462049329,1,rainy,5,14,42.68822515
17.24104559,78.3206874,17.29293636,78.41837169,10.5074423,1,clear,5,12,11.27363459
17.48507121,78.31711642,17.28701366,78.45898218,24.65661604,4,rainy,5,12,13.18044981
17.33380173,78.38465612,17.46142421,78.34841021,18.32205897,4,rainy,3,12,21.05394368
